product_id,product_name,category,subcategory,cost_price
1,Those Bedding,Home,Bedding,404.64
2,Section Comic,Books,Comics,345.86
3,Room Footwear,Clothing,Footwear,234.9
4,West Furniture,Home,Furniture,360.59
5,Reflect Bedding,Home,Bedding,188.42
6,Study Accessorie,Electronics,Accessories,65.65
7,Class Non-Fiction,Books,Non-Fiction,30.05
8,Color Academic,Books,Academic,433.33
9,Economy Kid,Clothing,Kids,361.96
10,But Women,Clothing,Women,259.79
11,Analysis Comic,Books,Comics,49.57
12,Free Academic,Books,Academic,111.5
13,Paper Kitchen,Home,Kitchen,249.97
14,Card Comic,Books,Comics,424.35
15,Let Non-Fiction,Books,Non-Fiction,365.12
16,Ever Comic,Books,Comics,30.32
17,Hope Kid,Clothing,Kids,41.4
18,Create Comic,Books,Comics,313.5
19,Describe Laptop,Electronics,Laptops,199.98
20,Or Decor,Home,Decor,103.53
21,Second Fiction,Books,Fiction,72.83
22,Already Bedding,Home,Bedding,78.73
23,Reduce Kid,Clothing,Kids,162.67
24,Free Comic,Books,Comics,256.12
25,Guy Comic,Books,Comics,13.24
26,Choose Kitchen,Home,Kitchen,293.93
27,Hotel Camera,Electronics,Cameras,329.52
28,List Men,Clothing,Men,89.4
29,Notice Non-Fiction,Books,Non-Fiction,124.89
30,Commercial Laptop,Electronics,Laptops,160.28
31,None Footwear,Clothing,Footwear,208.14
32,Fish Fiction,Books,Fiction,261.75
33,Campaign Bedding,Home,Bedding,160.31
34,Wife Footwear,Clothing,Footwear,174.45
35,Ago Decor,Home,Decor,100.17
36,Interview Kid,Clothing,Kids,116.31
37,Word Decor,Home,Decor,346.67
38,Money Comic,Books,Comics,282.44
39,Special Decor,Home,Decor,339.93
40,Check Academic,Books,Academic,477.53
41,Yourself Kid,Clothing,Kids,477.88
42,Low Accessorie,Electronics,Accessories,329.71
43,Without Non-Fiction,Books,Non-Fiction,271.6
44,Front Furniture,Home,Furniture,371.74
45,Clearly Women,Clothing,Women,453.07
46,Above Women,Clothing,Women,209.58
47,Single Fiction,Books,Fiction,73.05
48,Office Footwear,Clothing,Footwear,440.92
49,Movement Academic,Books,Academic,379.18
50,Glass Decor,Home,Decor,34.29
51,Radio Laptop,Electronics,Laptops,362.94
52,Season Laptop,Electronics,Laptops,419.61
53,Find Camera,Electronics,Cameras,97.22
54,Matter Kitchen,Home,Kitchen,286.14
55,War Accessorie,Electronics,Accessories,494.6
56,Figure Non-Fiction,Books,Non-Fiction,236.67
57,Yet Men,Clothing,Men,366.9
58,Somebody Furniture,Home,Furniture,171.87
59,Painting Furniture,Home,Furniture,428.79
60,Reflect Academic,Books,Academic,47.94
61,Choice Laptop,Electronics,Laptops,241.34
62,Successful Men,Clothing,Men,121.58
63,Other Decor,Home,Decor,362.83
64,Shoulder Accessorie,Electronics,Accessories,347.92
65,What Mobile,Electronics,Mobiles,84.06
66,Win Kitchen,Home,Kitchen,470.61
67,Letter Furniture,Home,Furniture,71.12
68,Ground Footwear,Clothing,Footwear,304.84
69,Risk Academic,Books,Academic,401.99
70,Budget Women,Clothing,Women,299.93
71,Sign Camera,Electronics,Cameras,184.08
72,Measure Mobile,Electronics,Mobiles,451.93
73,We Women,Clothing,Women,427.97
74,Amount Fiction,Books,Fiction,359.87
75,Chair Fiction,Books,Fiction,225.51
76,Resource Camera,Electronics,Cameras,210.64
77,Ok Camera,Electronics,Cameras,157.54
78,But Camera,Electronics,Cameras,6.49
79,Foot Men,Clothing,Men,175.54
80,Ago Mobile,Electronics,Mobiles,39.16
81,Interest Fiction,Books,Fiction,94.09
82,Prepare Footwear,Clothing,Footwear,446.21
83,Thought Academic,Books,Academic,342.95
84,Discussion Kid,Clothing,Kids,496.46
85,Like Non-Fiction,Books,Non-Fiction,115.23
86,Heavy Mobile,Electronics,Mobiles,234.19
87,Best Academic,Books,Academic,127.52
88,General Furniture,Home,Furniture,469.02
89,Around Mobile,Electronics,Mobiles,212.52
90,Political Laptop,Electronics,Laptops,54.94
91,Put Camera,Electronics,Cameras,353.13
92,Day Laptop,Electronics,Laptops,204.12
93,Past Women,Clothing,Women,389.15
94,New Kid,Clothing,Kids,458.62
95,Doctor Decor,Home,Decor,438.75
96,Station Footwear,Clothing,Footwear,35.17
97,Would Footwear,Clothing,Footwear,28.21
98,Speak Bedding,Home,Bedding,162.77
99,Fall Academic,Books,Academic,191.35
100,Deal Non-Fiction,Books,Non-Fiction,153.86
101,Agency Footwear,Clothing,Footwear,283.38
102,Because Non-Fiction,Books,Non-Fiction,131.22
103,Nothing Kitchen,Home,Kitchen,424.33
104,Time Laptop,Electronics,Laptops,191.7
105,Like Mobile,Electronics,Mobiles,382.04
106,Research Footwear,Clothing,Footwear,453.98
107,Remain Kitchen,Home,Kitchen,99.06
108,Begin Camera,Electronics,Cameras,349.34
109,Music Footwear,Clothing,Footwear,278.28
110,Indeed Bedding,Home,Bedding,326.12
111,Day Decor,Home,Decor,441.99
112,Military Fiction,Books,Fiction,362.59
113,Friend Furniture,Home,Furniture,209.9
114,Player Women,Clothing,Women,278.89
115,Point Comic,Books,Comics,168.28
116,Much Non-Fiction,Books,Non-Fiction,329.03
117,Yet Decor,Home,Decor,246.87
118,Arrive Academic,Books,Academic,398.51
119,When Women,Clothing,Women,246.72
120,Reflect Mobile,Electronics,Mobiles,41.79
121,Herself Mobile,Electronics,Mobiles,422.06
122,Information Men,Clothing,Men,9.53
123,Choose Comic,Books,Comics,320.68
124,Sense Academic,Books,Academic,268.45
125,Too Fiction,Books,Fiction,362.49
126,Late Kitchen,Home,Kitchen,350.44
127,Hope Non-Fiction,Books,Non-Fiction,52.68
128,Imagine Women,Clothing,Women,265.6
129,Hotel Decor,Home,Decor,44.11
130,Actually Academic,Books,Academic,495.17
131,Feel Kid,Clothing,Kids,424.69
132,Hair Mobile,Electronics,Mobiles,191.7
133,Have Fiction,Books,Fiction,352.91
134,Foot Camera,Electronics,Cameras,324.23
135,Like Kitchen,Home,Kitchen,459.98
136,Two Women,Clothing,Women,347.68
137,Option Comic,Books,Comics,41.8
138,Begin Kitchen,Home,Kitchen,425.96
139,Dinner Laptop,Electronics,Laptops,377.37
140,Should Fiction,Books,Fiction,284.16
141,View Comic,Books,Comics,371.17
142,Life Accessorie,Electronics,Accessories,221.36
143,Site Accessorie,Electronics,Accessories,308.86
144,Just Comic,Books,Comics,140.3
145,Suggest Academic,Books,Academic,278.75
146,Level Academic,Books,Academic,295.01
147,Fight Fiction,Books,Fiction,151.21
148,Common Men,Clothing,Men,81.34
149,Sure Footwear,Clothing,Footwear,57.74
150,Should Accessorie,Electronics,Accessories,381.87
