customer_id,customer_name,email,registration_date,customer_type
1,Allison Hill,garzaanthony@gmail.com,2025-09-20 07:33:32,PREMIUM
2,Jonathan Johnson,shaneramirez@gmail.com,2024-01-16 10:13:48,PREMIUM
3,Caitlin Henderson,daviscolin@yahoo.com,2025-11-17 05:11:07,REGULAR
4,Renee Blair,maria95@hotmail.com,2025-07-06 07:09:23,REGULAR
5,Benjamin Stanley,jamesshawn@yahoo.com,2023-12-06 15:24:52,REGULAR
6,Henry Santiago,amandasanchez@yahoo.com,2025-05-21 20:43:57,REGULAR
7,William Bowman,perezantonio@yahoo.com,2025-04-26 12:53:27,REGULAR
8,Austin Gentry,pfoster@yahoo.com,2024-03-08 03:42:04,REGULAR
9,Charles Mcgee,icox@hotmail.com,2023-09-06 00:31:50,REGULAR
10,Peter Callahan Jr.,djames@hotmail.com,2023-08-30 12:41:45,PREMIUM
11,Juan Dunlap,kayla51@yahoo.com,2023-06-08 18:40:31,REGULAR
12,Jesse Mckay,williamrodriguez@hotmail.com,2024-06-18 07:35:55,PREMIUM
13,Mark Lynch,georgetracy@gmail.com,2024-12-14 16:36:03,VIP
14,Sherry Decker,millertodd@gmail.com,2024-08-11 00:47:04,REGULAR
15,Kim Martinez,ibrandt@hotmail.com,2025-09-03 13:23:25,PREMIUM
16,Michelle Ross,omartinez@gmail.com,2025-06-15 21:14:53,REGULAR
17,Kevin Hall,carlosjohnson@yahoo.com,2025-10-24 05:41:00,REGULAR
18,David Caldwell,esanchez@yahoo.com,2023-05-04 22:51:37,PREMIUM
19,Brent Jordan,brownjessica@gmail.com,2024-08-13 12:07:58,REGULAR
20,Connor West,ramosmichelle@hotmail.com,2024-07-20 17:55:46,REGULAR
21,Matthew Fernandez,gabrieltucker@gmail.com,2025-11-07 01:56:29,VIP
22,Stephanie Martin,smitchell@hotmail.com,2025-10-03 16:30:37,REGULAR
23,Kristi Higgins MD,adkinsbrian@hotmail.com,2025-04-09 18:10:40,REGULAR
24,Thomas Schmidt,larsonemma@gmail.com,2024-08-12 11:07:27,VIP
25,Todd Hudson,sarah35@gmail.com,2025-12-05 00:32:14,PREMIUM
26,Carlos Brewer,ellisyolanda@gmail.com,2023-03-28 21:31:04,REGULAR
27,Daniel Baker,justin78@hotmail.com,2024-05-05 00:56:31,REGULAR
28,William Roman,mcmillandennis@gmail.com,2025-05-31 02:00:17,REGULAR
29,Natalie Moore,william40@gmail.com,2025-10-15 04:31:28,PREMIUM
30,Sandra Williams,joycearnold@yahoo.com,2025-09-25 15:15:17,REGULAR
31,Ashley Landry,brandi26@gmail.com,2024-01-19 02:56:23,REGULAR
32,Jacob Fitzpatrick,elizabethgomez@hotmail.com,2025-06-27 02:56:43,REGULAR
33,Jennifer Oliver,nicolejohnson@hotmail.com,2024-07-16 08:12:20,VIP
34,Rachel Jenkins,kristinrodriguez@gmail.com,2025-03-02 12:31:01,PREMIUM
35,Courtney Velasquez,jeffreykeller@yahoo.com,2023-06-20 08:00:57,REGULAR
36,Sean Rasmussen,sheila14@gmail.com,2025-11-23 02:10:42,REGULAR
37,Victoria Johnson,gobrien@gmail.com,2024-08-15 19:47:53,REGULAR
38,Kenneth Scott,michaeljones@hotmail.com,2024-01-26 13:23:51,PREMIUM
39,Lisa Alvarado,snguyen@yahoo.com,2023-01-18 20:02:36,REGULAR
40,Cheryl Ortega,richard04@yahoo.com,2025-04-14 03:42:17,PREMIUM
41,Richard Lawson,yleon@hotmail.com,2024-06-12 10:39:39,REGULAR
42,Bradley Robertson,emilywalker@,2024-12-05 20:02:45,PREMIUM
43,Alexander Sanchez,kmercado@gmail.com,2025-02-16 15:12:10,REGULAR
44,Janet Ross,osbornejeffery@hotmail.com,2023-06-15 07:16:58,REGULAR
45,Amber Wright,stephanie79@hotmail.com,2025-09-19 13:45:49,REGULAR
46,Jessica Meadows,pgreen@hotmail.com,2024-08-03 20:31:07,REGULAR
47,Richard Washington,josephflores@hotmail.com,2025-04-03 21:01:04,REGULAR
48,Chris Reyes,amy60@,2025-01-29 00:32:28,PREMIUM
49,Jason Stein,wwoods@yahoo.com,2024-04-22 16:57:27,REGULAR
50,Sarah Ashley,tracynelson@yahoo.com,2025-05-31 08:35:59,REGULAR
51,George Shelton,tinaferguson@yahoo.com,2025-01-24 23:02:15,VIP
52,Mary Miller,nicholas37@yahoo.com,2025-04-07 12:43:31,REGULAR
53,Shawn Ramirez,ismith@gmail.com,2025-01-08 07:48:40,REGULAR
54,Mrs. Marie Harrington DDS,howelljohn@yahoo.com,2025-03-30 17:06:16,REGULAR
55,Kristy Robinson,stricklandfrank@yahoo.com,2023-11-26 00:24:33,PREMIUM
56,Alexander Collins,charlesvaughn@hotmail.com,2025-12-07 16:07:46,REGULAR
57,Michael Turner,reedross@yahoo.com,2025-11-09 10:18:17,REGULAR
58,Matthew Smith,cynthia72@yahoo.com,2025-03-15 00:37:33,REGULAR
59,Joseph Santos,ugraham@hotmail.com,2023-04-10 11:03:30,REGULAR
60,Samuel Rivas,qhudson@yahoo.com,2023-12-24 11:17:56,REGULAR
61,Johnny Nguyen,angela83@gmail.com,2025-09-07 09:13:25,REGULAR
62,Jason Peters,fmcguire@yahoo.com,2023-02-18 19:09:35,REGULAR
63,Michael Torres,jbarajas@yahoo.com,2024-01-05 17:27:21,REGULAR
64,Jesse Parker,jamesrodgers@yahoo.com,2025-04-17 16:05:53,VIP
65,Vanessa Warren,michaelturner@hotmail.com,2025-06-06 02:01:46,REGULAR
66,Denise Mccann,agarcia@hotmail.com,2025-01-04 17:42:33,REGULAR
67,John Peterson,shortrichard@gmail.com,2023-05-31 13:50:33,REGULAR
68,Melissa Hernandez,davidduran@hotmail.com,2024-09-30 15:00:13,PREMIUM
69,Lisa Rowe,ntorres@gmail.com,2025-11-12 00:50:59,REGULAR
70,Natalie Meza,johnarnold@gmail.com,2023-04-05 03:48:15,REGULAR
71,Jerry Wheeler,ojones@yahoo.com,2023-06-19 17:50:41,REGULAR
72,Lori Guerrero,rebekahserrano@gmail.com,2024-11-27 21:31:31,REGULAR
73,Ricky Larson,sbarker@yahoo.com,2024-12-19 16:01:28,VIP
74,Kathryn Snyder,cassandra01@gmail.com,2024-11-19 09:06:41,PREMIUM
75,Sara Johnston,barbara27@hotmail.com,2023-06-02 02:18:07,VIP
76,Sydney White,harrisonricky@yahoo.com,2023-01-23 22:12:45,VIP
77,Shannon Rivera,gibsonleonard@yahoo.com,2024-01-03 04:51:58,REGULAR
78,Raymond Hancock,mgutierrez@hotmail.com,2023-11-29 01:04:36,VIP
79,Peter Garrett,samuel71@gmail.com,2023-09-13 18:07:00,VIP
80,Lisa Allen,walkermaureen@gmail.com,2024-02-16 23:29:11,PREMIUM
81,Bruce Collier,jsanchez@gmail.com,2024-03-19 02:51:43,VIP
82,Thomas Romero,ymorgan@hotmail.com,2025-05-13 08:32:41,REGULAR
83,Aaron Barber,seanwashington@yahoo.com,2023-10-22 23:54:20,VIP
84,Kimberly Gibson,xhall@yahoo.com,2025-06-18 17:24:22,REGULAR
85,Patrick Thornton,tylerjohnson@hotmail.com,2024-05-02 04:02:05,REGULAR
86,Evelyn Garcia,bowenrobert@hotmail.com,2025-02-20 03:37:15,REGULAR
87,Angela Harrington,christianmelissa@hotmail.com,2023-03-30 08:37:27,REGULAR
88,Eugene Higgins,younggabrielle@yahoo.com,2023-10-16 16:03:24,REGULAR
89,Nicole Hamilton MD,rebecca05@gmail.com,2024-01-01 09:02:12,VIP
90,James Thomas,gregorylynch@yahoo.com,2025-06-03 23:02:19,REGULAR
91,Cynthia Durham,elizabeth74@hotmail.com,2025-08-20 04:12:59,PREMIUM
92,Angela Landry,mbruce@yahoo.com,2025-05-28 01:11:13,VIP
93,Ashley James,spencedominique@yahoo.com,2023-11-14 07:20:05,REGULAR
94,Sean Osborne,kimberly39@yahoo.com,2024-02-17 14:49:36,PREMIUM
95,Connor King,courtneyberger@hotmail.com,2024-04-11 00:42:06,VIP
96,Richard Johnson,julie23@,2023-04-23 16:36:12,REGULAR
97,Joshua Mata,robin74@hotmail.com,2023-06-05 07:34:16,REGULAR
98,Regina Mcdonald,zcoffey@hotmail.com,2024-02-16 23:23:17,REGULAR
99,Richard Smith,brenda51@hotmail.com,2023-04-17 20:43:33,REGULAR
100,Alexander Henson,reidsteven@hotmail.com,2023-09-03 01:13:41,REGULAR
101,Jason Taylor,youngamanda@yahoo.com,2024-04-14 22:39:23,VIP
102,Michael Paul,nicolepena@yahoo.com,2025-10-12 22:00:15,PREMIUM
103,Teresa Ramirez,melissagarcia@hotmail.com,2025-05-11 13:04:18,PREMIUM
104,Steven Newman,ndavis@hotmail.com,2023-07-28 14:44:08,PREMIUM
105,Tricia Williams,caseyhubbard@gmail.com,2025-05-09 09:40:20,REGULAR
106,Robin Hall,michele22@hotmail.com,2023-11-24 04:50:33,REGULAR
107,Christopher Guerrero,briannasmith@yahoo.com,2025-09-12 06:06:17,REGULAR
108,Patrick Fox,hayesjeffrey@hotmail.com,2024-01-26 02:28:43,PREMIUM
109,Richard Camacho,lutzmelanie@yahoo.com,2023-05-24 09:08:10,PREMIUM
110,Katherine Browning,martinezclaudia@,2023-03-10 11:40:25,REGULAR
111,Michelle James,sgarcia@gmail.com,2024-02-11 22:24:00,REGULAR
112,Marilyn Mack,robertwilcox@yahoo.com,2024-10-26 09:19:26,REGULAR
113,Brandon Simmons,fjones@gmail.com,2025-12-09 11:04:43,REGULAR
114,Patrick Watson,elizabeth65@hotmail.com,2024-07-27 13:22:10,REGULAR
115,Jenny Moon,lanejason@hotmail.com,2023-07-17 23:30:48,REGULAR
116,Dr. Gregory Hawkins,xbruce@hotmail.com,2023-03-03 23:23:19,REGULAR
117,Maria Johnson,joshuafarmer@yahoo.com,2024-01-23 15:08:34,REGULAR
118,Christopher Thomas,davisalyssa@yahoo.com,2025-05-19 17:58:13,REGULAR
119,Glen Wood,wareeric@hotmail.com,2025-08-22 03:56:17,VIP
120,Brad Ramos,kariwilson@yahoo.com,2024-01-03 18:12:26,VIP
121,Michael Watkins,smithkevin@gmail.com,2023-10-03 00:59:26,REGULAR
122,Pamela Roberts,omarpadilla@hotmail.com,2024-05-31 00:46:18,REGULAR
123,Mary Gomez,umorse@hotmail.com,2025-11-06 15:56:52,PREMIUM
124,Jared Bowman,lauriemontgomery@hotmail.com,2024-02-19 11:14:16,PREMIUM
125,Anita Richard,vharrell@yahoo.com,2024-08-17 06:11:20,PREMIUM
126,Richard Jones,michael23@gmail.com,2023-12-12 12:55:48,VIP
127,Craig Morrison,kmarshall@hotmail.com,2024-06-27 04:12:39,PREMIUM
128,Thomas Cunningham,edward17@yahoo.com,2023-12-20 13:22:29,PREMIUM
129,Rebecca Vargas,brownmarie@gmail.com,2024-09-10 23:53:18,PREMIUM
130,Vanessa Davis,colelisa@hotmail.com,2024-03-09 14:32:02,REGULAR
131,Larry Mason,toni18@hotmail.com,2025-11-21 14:16:17,REGULAR
132,David Kim,samantha66@yahoo.com,2023-02-12 21:01:21,VIP
133,Amy Mccoy,umitchell@hotmail.com,2023-10-05 09:29:26,VIP
134,Lindsey Hernandez,tammy62@hotmail.com,2023-03-01 10:19:54,REGULAR
135,Angela Hansen,lucasrodney@yahoo.com,2024-05-02 06:44:16,VIP
136,Eric Bean,ericphillips@gmail.com,2023-06-29 15:35:14,REGULAR
137,Kimberly Rodgers,carlamoore@gmail.com,2024-01-31 16:44:36,REGULAR
138,Patricia Lamb,tarabishop@hotmail.com,2025-03-18 16:02:07,REGULAR
139,Cynthia Allen,michealvalentine@yahoo.com,2025-11-07 18:50:34,REGULAR
140,Douglas Reyes,moniquewilliams@yahoo.com,2025-10-28 20:34:32,REGULAR
141,Kristen Garcia,joshuawhitehead@gmail.com,2025-10-27 12:52:39,PREMIUM
142,Anna Lozano,gbrown@yahoo.com,2024-04-11 12:49:32,PREMIUM
143,Zachary Brooks,lacey20@yahoo.com,2024-05-21 16:58:48,REGULAR
144,Kaitlyn Guerra,smithjason@gmail.com,2023-07-17 17:37:59,PREMIUM
145,Monica Rose,allendanielle@hotmail.com,2024-08-11 23:33:37,VIP
146,Brian Stein,jennifercarter@gmail.com,2025-08-14 04:03:33,REGULAR
147,Cynthia Butler,ashleyamy@hotmail.com,2023-01-01 15:08:04,REGULAR
148,Jeanette Harrison,kellycarlos@gmail.com,2025-06-19 23:23:59,REGULAR
149,Lori Ingram,lisa27@hotmail.com,2024-11-17 06:58:35,REGULAR
150,Clarence Taylor,bradleygonzalez@gmail.com,2025-01-05 01:39:34,VIP
151,Eric Sanders,justinatkins@gmail.com,2023-09-21 14:33:13,REGULAR
152,Evelyn Martinez,lmorgan@yahoo.com,2025-10-28 06:15:53,REGULAR
153,Holly Salinas,lmorrison@hotmail.com,2023-12-31 20:32:09,REGULAR
154,Brian Murphy,hannahbell@gmail.com,2023-11-06 08:06:07,REGULAR
155,Susan Mendez,jonesdana@yahoo.com,2025-01-08 02:22:00,PREMIUM
156,Nicole Moore,ejohnson@gmail.com,2024-12-08 11:08:43,REGULAR
157,Holly Reyes,nathan19@gmail.com,2023-10-30 01:04:15,REGULAR
158,Jennifer Banks,jholmes@gmail.com,2024-09-12 20:08:19,PREMIUM
159,David Griffin,taylorcharles@gmail.com,2023-01-09 14:43:32,PREMIUM
160,Jill Miller,jenna88@yahoo.com,2023-06-15 13:51:44,REGULAR
161,Sarah Joseph,davidharris@gmail.com,2025-12-17 01:28:17,REGULAR
162,Johnny Ward,cherylmiller@yahoo.com,2024-01-23 02:47:06,REGULAR
163,Mitchell Mendoza,teresaday@yahoo.com,2023-07-27 03:14:31,PREMIUM
164,Joseph Anderson,ryanbartlett@gmail.com,2025-05-18 06:14:42,VIP
165,Kelly Torres,meghan43@hotmail.com,2024-11-18 12:19:59,PREMIUM
166,Denise Weber,georgeweber@hotmail.com,2025-02-23 03:29:38,VIP
167,Thomas Williams,debra96@hotmail.com,2024-11-23 16:51:51,PREMIUM
168,Kathleen Burton,eevans@hotmail.com,2025-01-07 09:08:44,PREMIUM
169,Jeffrey Washington,jessica56@gmail.com,2025-09-17 13:44:29,PREMIUM
170,Kayla Rodriguez,colinroberts@yahoo.com,2025-01-22 19:05:10,REGULAR
171,Jennifer Estes,james27@hotmail.com,2023-05-01 08:47:19,REGULAR
172,Shawn Jimenez,jasongomez@gmail.com,2024-06-05 17:18:13,REGULAR
173,Kyle Cameron,jordannicole@hotmail.com,2023-08-03 22:57:32,REGULAR
174,Jamie Williams,charles87@hotmail.com,2023-08-26 08:59:35,REGULAR
175,William Becker,angela52@gmail.com,2024-09-25 04:24:21,REGULAR
176,Jennifer Williams,ghernandez@gmail.com,2023-04-07 17:26:02,REGULAR
177,Louis Martin,terickson@yahoo.com,2025-06-26 08:03:31,REGULAR
178,Isabella Nunez,carlsonjoseph@hotmail.com,2025-06-13 07:17:30,REGULAR
179,Paula Lane,rhernandez@gmail.com,2024-06-30 10:31:07,REGULAR
180,Travis Rodriguez,roberthampton@yahoo.com,2024-10-12 22:14:44,PREMIUM
181,Nancy Brown,ufox@gmail.com,2025-07-26 02:53:11,REGULAR
182,Joseph Payne,chelsea33@yahoo.com,2024-02-28 23:45:57,REGULAR
183,Courtney Dudley,wstewart@hotmail.com,2024-06-06 03:49:03,PREMIUM
184,Rebecca Hill,xcardenas@gmail.com,2023-09-14 09:18:48,VIP
185,Dwayne Klein,ilewis@yahoo.com,2025-08-24 15:25:15,VIP
186,Melissa Taylor,danawilliams@yahoo.com,2025-07-08 11:21:43,REGULAR
187,John Maldonado,richarddonovan@yahoo.com,2025-09-25 11:26:37,PREMIUM
188,Curtis Maynard,pearsonjesse@hotmail.com,2023-10-10 07:20:57,REGULAR
189,Taylor Gentry,osbornrandy@yahoo.com,2023-11-25 19:16:02,REGULAR
190,Paul Brennan,hebertmatthew@yahoo.com,2024-08-11 22:50:59,VIP
191,Kimberly Snyder DVM,riverajessica@hotmail.com,2024-10-16 21:04:33,REGULAR
192,Cody Doyle,cherylfowler@yahoo.com,2023-01-31 02:39:40,REGULAR
193,Kaylee Miller,shari04@yahoo.com,2024-06-27 15:28:02,REGULAR
194,Paul Finley,heather01@yahoo.com,2025-10-09 11:10:29,REGULAR
195,Jared Shaw,fowlershelia@yahoo.com,2024-01-20 03:23:23,REGULAR
196,Colleen Anderson,emiles@hotmail.com,2023-08-25 17:13:32,REGULAR
197,Samantha Gill,xrice@gmail.com,2023-06-27 16:44:51,REGULAR
198,Ashley Poole,markmeyer@gmail.com,2025-12-22 13:56:39,REGULAR
199,Michelle Burns,williambryant@gmail.com,2025-07-30 05:19:00,PREMIUM
200,Megan Parker,bethwilliams@yahoo.com,2023-06-27 22:05:41,REGULAR
201,Kimberly Brown,robert26@yahoo.com,2024-04-28 04:22:17,REGULAR
202,Janet Kane DVM,desireebailey@gmail.com,2024-04-29 14:36:32,VIP
203,Jenna Anderson DVM,inunez@yahoo.com,2024-08-06 00:27:27,PREMIUM
204,Samantha Wright,johnsondonna@hotmail.com,2023-04-29 01:21:14,PREMIUM
205,Stacey Smith,sanchezbradley@yahoo.com,2024-01-13 06:04:52,PREMIUM
206,Daniel Shields,barbara53@yahoo.com,2025-11-28 23:01:33,REGULAR
207,Victoria Boyd,conniesimmons@yahoo.com,2025-05-29 03:29:41,REGULAR
208,Gregory Schneider,yhernandez@gmail.com,2024-10-27 11:05:23,REGULAR
209,Kara Atkinson,harttammy@hotmail.com,2025-10-02 22:09:44,PREMIUM
210,Jasmine Scott,christopher30@yahoo.com,2025-01-31 12:02:39,VIP
211,Larry Williams,timothybooth@yahoo.com,2025-09-14 08:19:48,REGULAR
212,Terry Lewis,srocha@hotmail.com,2023-08-26 15:55:24,PREMIUM
213,Jennifer Allen,kyle58@yahoo.com,2025-10-07 10:48:36,PREMIUM
214,Robert Bowen,robert93@hotmail.com,2025-04-16 00:32:24,REGULAR
215,Dean Donovan,jerry93@yahoo.com,2025-07-09 09:03:17,PREMIUM
216,Terri Morgan,umurray@yahoo.com,2023-05-15 15:01:37,REGULAR
217,Nathan Freeman,warrenmary@gmail.com,2024-12-22 21:35:14,PREMIUM
218,Mary Duran,albertwagner@yahoo.com,2024-06-06 13:46:30,PREMIUM
219,Mark Peck,hsmith@hotmail.com,2023-10-10 11:28:52,REGULAR
220,William Smith,danieldavis@gmail.com,2024-02-06 08:04:33,PREMIUM
221,Manuel King,pstevens@hotmail.com,2025-12-25 06:01:29,REGULAR
222,Michael Abbott,sullivannicholas@yahoo.com,2025-03-13 13:15:35,REGULAR
223,Adam Jackson,jacobsonsamantha@gmail.com,2024-09-23 08:44:19,PREMIUM
224,Sean Clay,rachel90@gmail.com,2025-12-08 19:46:56,PREMIUM
225,Emily Ali,thickman@gmail.com,2024-11-27 05:09:29,REGULAR
226,Lacey Atkinson,krystalnorris@gmail.com,2023-12-11 05:42:45,REGULAR
227,Valerie Brown,unovak@gmail.com,2025-10-28 10:13:25,REGULAR
228,Rachel Hayes,eringuerrero@gmail.com,2025-04-04 18:12:15,VIP
229,Elizabeth Wright,jodistewart@gmail.com,2025-05-04 23:58:10,PREMIUM
230,Tommy Wallace,jcole@hotmail.com,2024-02-25 20:29:47,REGULAR
231,Alexander Gomez,asmith@yahoo.com,2023-10-27 04:03:46,PREMIUM
232,Misty Hansen,dominicturner@yahoo.com,2025-12-08 03:09:44,REGULAR
233,Christopher Hill,jennifersimpson@hotmail.com,2025-01-22 04:13:54,REGULAR
234,Brian Torres,scott69@gmail.com,2025-03-25 23:52:48,VIP
235,Larry Dominguez,kelly79@gmail.com,2023-10-29 13:13:40,REGULAR
236,Douglas Hartman,erinpierce@,2024-04-14 13:21:09,REGULAR
237,Julia Erickson,ichambers@hotmail.com,2023-03-26 16:52:38,PREMIUM
238,David Moore,iaguilar@hotmail.com,2023-07-16 04:02:26,PREMIUM
239,Sheila Barnes,rodriguezjohn@hotmail.com,2023-06-09 08:44:40,REGULAR
240,Matthew Williams,grodriguez@yahoo.com,2024-12-30 04:23:11,REGULAR
241,Paul Grant,lbarton@hotmail.com,2023-03-21 19:27:46,PREMIUM
242,Haley Johnson,guerrajessica@yahoo.com,2023-06-27 05:28:36,REGULAR
243,Jesse Clark,carlos01@gmail.com,2023-04-26 01:59:00,PREMIUM
244,Maria Byrd,andrearivera@yahoo.com,2023-08-24 16:47:34,REGULAR
245,Crystal Sullivan,mclaughlinnicole@yahoo.com,2024-04-16 23:48:32,REGULAR
246,Jasmine Bush,raylauren@hotmail.com,2025-05-16 22:28:14,REGULAR
247,Gabriel Ellis,candice96@hotmail.com,2025-08-18 16:18:26,REGULAR
248,Harold Ellis,powerslawrence@gmail.com,2024-11-30 20:23:47,REGULAR
249,Clayton Steele,fhenderson@hotmail.com,2025-07-03 05:48:26,REGULAR
250,Tamara Arias,leonardhayes@gmail.com,2025-08-22 17:34:36,VIP
251,Tiffany Washington,fortiz@yahoo.com,2023-06-04 03:41:44,REGULAR
252,Jill Jackson,hillamanda@gmail.com,2023-11-24 19:35:22,REGULAR
253,Krystal Barton,amber07@hotmail.com,2024-01-08 14:49:19,REGULAR
254,Jeffery Fitzgerald,colemichael@gmail.com,2023-01-05 03:45:29,PREMIUM
255,Xavier Rowe,michelle96@gmail.com,2024-12-30 23:36:25,REGULAR
256,Rachel Li,mariopadilla@yahoo.com,2024-03-15 04:30:17,REGULAR
257,Tiffany Robertson,rsellers@hotmail.com,2025-12-03 19:34:02,REGULAR
258,Sean Wright,kburns@hotmail.com,2025-08-28 23:51:05,PREMIUM
259,Jason Hayes,heather57@yahoo.com,2023-11-04 07:14:05,REGULAR
260,Aaron Schroeder,melissa86@gmail.com,2025-10-03 01:34:21,REGULAR
261,Samantha Simpson,ashleewashington@yahoo.com,2023-08-09 22:57:11,REGULAR
262,Pamela Williams,scottsmith@yahoo.com,2024-04-22 20:35:58,PREMIUM
263,Michael Anderson,clarence54@gmail.com,2024-03-24 08:10:57,REGULAR
264,Steven Martin,rubendavis@gmail.com,2024-04-17 09:20:28,VIP
265,John Anderson,lisa62@yahoo.com,2025-02-16 10:57:18,REGULAR
266,James Cross,patrickli@gmail.com,2025-07-18 00:25:22,REGULAR
267,Megan Jones,jennifer26@hotmail.com,2024-05-15 17:01:10,REGULAR
268,Shannon Miller,bbell@yahoo.com,2023-12-22 14:55:14,PREMIUM
269,Danielle Newman,kimberly04@gmail.com,2025-06-12 12:58:37,REGULAR
270,Katrina Adkins,troyrodriguez@yahoo.com,2025-11-10 08:28:26,REGULAR
271,Andrea Oneal,kvalencia@yahoo.com,2023-09-30 03:35:01,PREMIUM
272,Michael Farmer,smithjason@gmail.com,2024-03-08 02:25:43,REGULAR
273,Jennifer Mitchell,imiller@hotmail.com,2025-09-13 02:29:22,VIP
274,Diamond Collins,peter14@hotmail.com,2024-12-31 03:15:27,REGULAR
275,Troy Allen,parkerjudith@hotmail.com,2025-11-07 00:23:17,REGULAR
276,Adam Taylor,gary24@hotmail.com,2024-10-01 11:14:28,REGULAR
277,Patricia Johnson,crawfordwilliam@gmail.com,2024-09-14 01:56:31,REGULAR
278,Mr. Jacob Scott Jr.,williamsmichelle@gmail.com,2024-12-07 13:08:20,REGULAR
279,Jack Mora,pwalker@yahoo.com,2023-06-30 01:52:13,REGULAR
280,Erica Mckenzie,whitelinda@gmail.com,2025-03-10 09:32:19,REGULAR
281,Andrea Marshall,msmith@yahoo.com,2025-04-22 21:21:19,REGULAR
282,Elizabeth Dean,jessicapayne@gmail.com,2025-03-16 08:49:17,PREMIUM
283,Timothy Johnson,tapiaaaron@hotmail.com,2025-08-29 12:55:40,REGULAR
284,Oscar Parker,kaufmandouglas@yahoo.com,2024-02-19 20:34:41,VIP
285,Thomas Merritt,carpenterwilliam@hotmail.com,2024-11-11 14:09:06,REGULAR
286,Angela Bradley,melissa65@yahoo.com,2023-02-14 20:19:50,REGULAR
287,David Harding,martinsteven@yahoo.com,2024-01-07 17:39:21,REGULAR
288,Hunter Townsend,mooregina@hotmail.com,2023-01-22 05:49:15,REGULAR
289,Amanda Huff,randy04@yahoo.com,2023-06-26 06:08:13,REGULAR
290,Carrie Crane,murraylinda@gmail.com,2023-08-28 04:27:34,PREMIUM
291,Antonio Norman,aguilarjonathan@gmail.com,2025-03-01 12:07:25,REGULAR
292,Austin Orr,david70@gmail.com,2025-01-19 12:53:16,REGULAR
293,Jessica Ramsey,joshuagriffin@gmail.com,2025-05-06 08:39:06,REGULAR
294,Manuel Sanchez,millerpatrick@yahoo.com,2025-07-20 02:24:59,PREMIUM
295,Stephen Fox,wcasey@yahoo.com,2023-04-19 10:42:30,PREMIUM
296,Kari Durham,carla04@gmail.com,2024-10-06 14:10:29,PREMIUM
297,Kaitlyn Howard,dianeadams@hotmail.com,2024-02-20 00:55:07,REGULAR
298,Zachary Robinson,gregorywatkins@hotmail.com,2024-04-08 18:58:07,REGULAR
299,Suzanne Johnson,marycochran@yahoo.com,2025-10-22 04:22:28,REGULAR
300,Casey Johnson,nsmith@gmail.com,2025-04-16 15:44:21,REGULAR
301,Gina Thompson,brendastark@gmail.com,2025-04-24 04:32:28,VIP
302,Shannon Yu,rogersmarcus@gmail.com,2023-10-21 01:28:12,REGULAR
303,Jessica Fowler,jeffrey92@yahoo.com,2024-08-17 22:11:17,PREMIUM
304,Michael Anderson,xrosales@hotmail.com,2023-03-09 19:17:21,REGULAR
305,Lance Mccall,vtaylor@gmail.com,2024-08-15 05:19:38,PREMIUM
306,William Jackson,sean43@gmail.com,2025-10-09 21:01:48,REGULAR
307,Hayley Buchanan,acosta@yahoo.com,2023-02-27 12:11:28,VIP
308,Heather Bennett,franciscojones@gmail.com,2024-05-30 17:39:34,PREMIUM
309,Fernando Lynn,paynerachael@gmail.com,2024-11-14 23:48:19,VIP
310,William Barry,gmoore@yahoo.com,2023-01-24 20:11:59,REGULAR
311,Colton Terry,kenneth10@yahoo.com,2025-10-14 04:01:01,REGULAR
312,Sara Hernandez,bgonzalez@gmail.com,2024-02-16 16:45:55,PREMIUM
313,Edgar Miller,qjacobson@gmail.com,2025-10-06 11:39:59,REGULAR
314,Jasmine Watson,omarshall@yahoo.com,2025-11-13 13:52:10,REGULAR
315,Brittany Horton,larellano@gmail.com,2024-05-06 21:59:00,PREMIUM
316,Sara Cardenas,parmstrong@yahoo.com,2025-01-28 00:00:02,REGULAR
317,James Nash,davidtodd@gmail.com,2023-04-17 06:54:37,PREMIUM
318,Carol Lewis,oharris@gmail.com,2024-03-22 10:15:56,PREMIUM
319,Deanna Bartlett,rarnold@hotmail.com,2024-11-05 03:37:44,PREMIUM
320,Shane Buchanan,khernandez@hotmail.com,2025-12-29 10:57:07,REGULAR
321,Traci Garcia,natalie46@hotmail.com,2025-12-14 02:14:19,REGULAR
322,Mr. Andrew Hill,fosternatasha@hotmail.com,2024-05-18 21:33:50,REGULAR
323,Patrick Mccall,larry71@gmail.com,2024-08-05 07:05:19,REGULAR
324,William Ramos,lopezjason@yahoo.com,2024-10-02 02:24:09,PREMIUM
325,Olivia Camacho,jenna62@hotmail.com,2023-09-22 01:26:59,REGULAR
326,Alyssa Lee,xwilliams@hotmail.com,2024-08-17 06:17:06,REGULAR
327,Jacob Marshall,nathanwheeler@gmail.com,2025-06-24 21:40:25,REGULAR
328,Karen Arnold,mitchellpaul@gmail.com,2024-01-30 12:57:41,PREMIUM
329,Penny Lewis,xpalmer@hotmail.com,2024-12-23 17:53:54,PREMIUM
330,Thomas Holland,jennifer46@yahoo.com,2023-09-03 09:45:29,VIP
331,Judy Robinson,smithyvonne@yahoo.com,2025-07-01 18:15:39,VIP
332,Linda Campbell,danielle44@hotmail.com,2025-12-08 08:45:11,PREMIUM
333,Stephanie Evans,rguerrero@gmail.com,2023-11-06 11:20:52,PREMIUM
334,Mary Bright,aguilarwanda@gmail.com,2023-06-15 16:19:19,REGULAR
335,Micheal Parks,william28@gmail.com,2025-06-11 22:32:31,PREMIUM
336,John Figueroa,destiny35@gmail.com,2023-02-04 01:58:02,PREMIUM
337,Elizabeth French,ruizmichelle@,2024-03-02 09:22:13,PREMIUM
338,Terry Jones,amoreno@gmail.com,2023-03-18 04:30:07,PREMIUM
339,Brittany Gay,tthomas@gmail.com,2024-03-20 14:05:28,REGULAR
340,Katherine Welch,jason29@gmail.com,2024-07-01 07:28:38,REGULAR
341,Phillip Miller DDS,ismith@gmail.com,2024-01-25 08:02:39,PREMIUM
342,Tiffany Mcclain,simsjohn@hotmail.com,2025-10-21 00:04:08,REGULAR
343,Emily Garcia,evanskelly@hotmail.com,2023-05-31 22:32:01,REGULAR
344,Kelly Hamilton,mhoward@gmail.com,2024-04-24 21:51:09,REGULAR
345,Tamara Powell,lawrencegary@yahoo.com,2024-07-20 19:00:45,REGULAR
346,Rebecca Brooks,stanleydesiree@gmail.com,2024-04-03 10:30:54,REGULAR
347,Brian Wallace,heathermccoy@yahoo.com,2023-11-08 22:10:21,REGULAR
348,Brian Meyer,huntchristine@yahoo.com,2024-07-22 08:09:26,VIP
349,Brian Gonzalez,michaelortiz@gmail.com,2023-09-13 14:39:38,PREMIUM
350,Jon Clark,meadowsmary@hotmail.com,2025-01-18 12:35:20,REGULAR
351,Travis Chan Jr.,shinton@yahoo.com,2024-06-10 04:13:11,REGULAR
352,Brett Thompson,ronald11@gmail.com,2023-04-27 23:21:49,VIP
353,Charles Holland,natalie15@yahoo.com,2025-11-16 15:10:33,VIP
354,James Rivers,zbanks@gmail.com,2025-05-15 18:07:13,PREMIUM
355,Michael Brown,rpham@yahoo.com,2023-01-22 14:55:30,REGULAR
356,James Howard,timothyfreeman@yahoo.com,2024-07-26 13:52:09,PREMIUM
357,Arthur Pena,tiffanysantiago@yahoo.com,2025-06-27 01:58:47,REGULAR
358,Melissa Montgomery,jhernandez@hotmail.com,2024-07-31 01:32:28,REGULAR
359,Mason Moore,waltonmalik@yahoo.com,2023-02-08 20:59:11,VIP
360,Amber Walker,kwallace@yahoo.com,2024-05-24 12:57:37,REGULAR
361,Jonathan Stewart,hawkinsaaron@gmail.com,2023-04-09 04:54:07,REGULAR
362,Tracey Walsh,xclements@gmail.com,2025-12-25 02:03:04,REGULAR
363,Sarah Rivera,jennifer11@hotmail.com,2023-08-06 03:15:53,REGULAR
364,Glenn Gallegos,williamsfrank@gmail.com,2025-02-04 06:22:37,REGULAR
365,Natalie Ortiz,ylewis@gmail.com,2025-04-15 01:11:24,REGULAR
366,Ashley Perry,lellis@hotmail.com,2025-11-07 13:32:16,PREMIUM
367,Jonathan Moreno,xglass@gmail.com,2025-04-19 03:50:09,PREMIUM
368,Carrie Ochoa,william66@hotmail.com,2023-08-29 01:01:52,PREMIUM
369,Pamela Hill,devonmorrison@hotmail.com,2025-01-30 04:10:47,VIP
370,Sarah Kelley,jamesweber@yahoo.com,2024-03-10 13:28:06,REGULAR
371,Tammy Anderson,jennifer58@yahoo.com,2024-11-19 18:31:10,REGULAR
372,Terri Mckinney,hstokes@gmail.com,2024-07-17 09:54:56,PREMIUM
373,Charles Santiago,frances20@hotmail.com,2025-04-25 19:09:30,REGULAR
374,Christina Weaver,juliahoffman@gmail.com,2023-04-05 01:28:15,REGULAR
375,Rebecca Horton,rfrye@yahoo.com,2023-07-09 18:26:39,PREMIUM
376,Amy Manning,ogreer@hotmail.com,2023-05-23 09:49:58,REGULAR
377,Holly Chapman,kellythompson@hotmail.com,2025-07-16 15:12:53,REGULAR
378,Victor Moss,david94@gmail.com,2024-06-02 02:07:21,REGULAR
379,Michael Moore,tracy98@yahoo.com,2025-05-27 00:59:33,PREMIUM
380,Michael Fox,robertherrera@gmail.com,2025-05-10 22:21:50,REGULAR
381,Stephen Alvarado,wbarajas@hotmail.com,2023-12-28 22:49:13,REGULAR
382,Michael Griffin,flemingmanuel@,2025-07-14 19:48:21,REGULAR
383,Theresa Cruz,willie87@yahoo.com,2023-07-21 22:27:28,PREMIUM
384,Steven Lee,simsjason@hotmail.com,2023-06-20 18:21:04,REGULAR
385,Sharon Coleman,elucas@hotmail.com,2023-01-24 02:01:59,PREMIUM
386,Allison Love,angela93@yahoo.com,2025-07-03 18:01:41,REGULAR
387,Jerry Sullivan,maychristine@hotmail.com,2023-03-23 09:34:37,REGULAR
388,Mercedes Jones,catherine47@yahoo.com,2023-06-26 13:09:11,REGULAR
389,Matthew Wells,susan24@hotmail.com,2024-07-16 09:47:28,REGULAR
390,Traci Camacho,davidsmith@hotmail.com,2025-02-21 16:28:04,REGULAR
391,Joshua Miller,robertbrewer@hotmail.com,2025-10-20 13:41:13,REGULAR
392,Clinton Jensen,yorksarah@hotmail.com,2023-02-18 09:22:48,REGULAR
393,Joshua Roberts,wlynn@gmail.com,2024-09-15 21:22:35,REGULAR
394,Cynthia Mitchell,christina49@gmail.com,2024-11-20 01:12:08,REGULAR
395,Holly Stewart,jenniferdavidson@yahoo.com,2025-08-02 22:58:18,REGULAR
396,Brandy Quinn,tony12@hotmail.com,2025-08-27 20:14:35,REGULAR
397,Sarah Trevino,lunapatricia@hotmail.com,2024-05-20 03:47:31,REGULAR
398,Robin Riley,amy87@hotmail.com,2024-04-03 02:35:05,REGULAR
399,Holly Walker,fmason@yahoo.com,2023-06-04 01:38:27,REGULAR
400,Adam Allen,seanwhite@hotmail.com,2025-10-14 01:28:05,PREMIUM
401,Tracy Fitzgerald,bakerjim@hotmail.com,2023-12-01 00:38:27,PREMIUM
402,Terry Ward,dakota84@hotmail.com,2024-10-04 20:05:17,REGULAR
403,Joshua Thompson,blacknicholas@gmail.com,2024-10-08 05:13:05,REGULAR
404,Heather Parrish,scotthall@hotmail.com,2024-04-30 11:43:23,REGULAR
405,Christine Lopez,robertrivera@gmail.com,2023-08-26 02:47:29,REGULAR
406,Mr. Daniel Martin,dennishunt@hotmail.com,2023-05-22 17:06:23,REGULAR
407,Christopher Nielsen,johnsjessica@yahoo.com,2023-05-31 00:10:58,REGULAR
408,Claire Obrien,yburke@hotmail.com,2023-07-22 03:03:20,REGULAR
409,Catherine Keller,ecarlson@gmail.com,2025-05-22 09:27:32,PREMIUM
410,Carlos Smith,catherinethompson@hotmail.com,2024-09-30 04:03:21,PREMIUM
411,Sherry Schmidt,princekimberly@hotmail.com,2024-10-19 00:13:43,PREMIUM
412,Jason Golden,yclarke@yahoo.com,2024-03-22 19:36:05,REGULAR
413,Natalie Juarez,fcannon@yahoo.com,2025-06-16 18:21:50,REGULAR
414,Kimberly Scott,meyernicholas@gmail.com,2025-01-19 01:19:25,REGULAR
415,Emily Cox,ncunningham@yahoo.com,2025-05-14 03:04:48,PREMIUM
416,Jennifer Harris DDS,tking@hotmail.com,2025-06-10 19:59:58,REGULAR
417,Michael Fitzgerald,klogan@gmail.com,2025-05-21 10:19:01,PREMIUM
418,James Morgan,paulfields@gmail.com,2025-08-11 03:40:11,REGULAR
419,Kaitlyn Burke,ramseysarah@yahoo.com,2025-08-04 00:58:33,PREMIUM
420,Kelly Dawson,mgonzales@hotmail.com,2024-02-20 11:10:26,REGULAR
421,Kelly Lee,emilyward@hotmail.com,2024-04-24 23:47:02,REGULAR
422,Christopher Shea,aprilmclaughlin@gmail.com,2023-10-09 19:17:21,REGULAR
423,Krista Barber,jeremy37@yahoo.com,2024-09-14 14:19:24,PREMIUM
424,Debbie Russell,prattsue@hotmail.com,2023-02-17 14:58:46,REGULAR
425,Laura Benson,susan77@hotmail.com,2024-08-07 09:32:38,REGULAR
426,Karen Scott,laurengutierrez@yahoo.com,2024-07-28 20:34:45,REGULAR
427,Alexandra Collier,charles27@yahoo.com,2025-05-31 17:25:17,PREMIUM
428,Steven Adams,pmclaughlin@hotmail.com,2023-08-30 16:26:21,REGULAR
429,Derek Perez,wilsonchristian@hotmail.com,2025-11-12 23:22:29,REGULAR
430,Aaron Vincent DVM,travis84@yahoo.com,2024-10-20 16:24:59,REGULAR
431,Kenneth Brown,phillip27@gmail.com,2024-02-29 08:23:53,REGULAR
432,Julia Norris,michael42@hotmail.com,2024-06-20 04:58:36,REGULAR
433,Derrick Mullen,xhaynes@yahoo.com,2025-11-19 23:48:03,REGULAR
434,Diana White,lelinda@hotmail.com,2024-04-24 02:42:30,REGULAR
435,James Thomas,roberttaylor@hotmail.com,2025-07-20 00:27:14,REGULAR
436,Michelle Floyd,kgarcia@gmail.com,2023-11-25 03:22:24,PREMIUM
437,David Combs,ann45@gmail.com,2024-03-25 15:22:16,REGULAR
438,Gregory Frazier,tiffanymitchell@yahoo.com,2024-10-30 23:58:57,REGULAR
439,Katherine Doyle,mirandadavidson@yahoo.com,2025-12-29 02:45:58,REGULAR
440,Logan Sullivan,logan44@hotmail.com,2025-11-03 18:38:27,REGULAR
441,Denise Wallace,lgutierrez@gmail.com,2023-03-07 17:08:33,REGULAR
442,David King,egarcia@yahoo.com,2023-05-01 22:55:42,REGULAR
443,Allison Sanders,christopherhuynh@yahoo.com,2025-06-09 17:53:22,REGULAR
444,David Mitchell,johnsonmichael@yahoo.com,2024-03-25 17:54:33,REGULAR
445,Julie Pitts,brittanybryant@hotmail.com,2024-05-19 12:14:07,VIP
446,Kristy Mills,lindaramos@yahoo.com,2024-12-15 17:39:20,VIP
447,Christopher Smith,taylor07@yahoo.com,2023-05-17 21:43:12,REGULAR
448,Ralph Yates,robertcastro@yahoo.com,2024-11-07 19:11:53,REGULAR
449,Miguel Brewer,zacharymarsh@hotmail.com,2024-09-06 19:15:06,PREMIUM
450,Melinda Mitchell,whitekeith@hotmail.com,2023-12-11 04:48:18,REGULAR
451,Jesse Graves,lopezcurtis@yahoo.com,2025-03-04 00:11:46,REGULAR
452,Jeffrey Smith,zcollins@yahoo.com,2023-10-29 05:15:14,REGULAR
453,Mrs. Raven Rivera DVM,danielshunter@yahoo.com,2025-09-29 15:51:29,REGULAR
454,Sandra Martinez,cwright@gmail.com,2023-08-16 11:50:10,REGULAR
455,Ray Boyd,eric08@hotmail.com,2023-08-26 11:23:55,PREMIUM
456,John Evans,youngryan@gmail.com,2023-10-03 04:29:10,REGULAR
457,Donald Wilson,jbarker@yahoo.com,2024-12-21 17:25:26,PREMIUM
458,Danielle Porter,browndeanna@hotmail.com,2024-11-28 08:24:03,PREMIUM
459,Ashley Freeman,linda73@gmail.com,2025-09-25 20:28:22,REGULAR
460,Heather Taylor,amy73@hotmail.com,2025-09-01 08:21:35,REGULAR
461,Gregory Oconnor,caseymoore@yahoo.com,2024-12-29 10:38:42,REGULAR
462,Kimberly Gibson,harveymichael@hotmail.com,2024-03-02 16:34:35,REGULAR
463,Nathan Barrett,jcannon@hotmail.com,2023-04-26 06:01:41,REGULAR
464,Jason Morris,gregoryjohnson@gmail.com,2023-03-30 09:00:53,REGULAR
465,Mr. Kenneth Huff,brandon39@hotmail.com,2025-09-28 10:54:28,PREMIUM
466,Timothy Clark,wardjulia@yahoo.com,2025-08-13 09:10:28,REGULAR
467,Rebecca Brown,christian38@gmail.com,2025-06-20 12:14:54,PREMIUM
468,David Cruz,angelagrant@hotmail.com,2023-03-05 17:26:15,PREMIUM
469,Mark Howard,laurapierce@hotmail.com,2025-10-09 14:15:42,REGULAR
470,Christopher Murillo,megan66@hotmail.com,2025-02-17 20:19:40,REGULAR
471,David Gardner,suzanne76@gmail.com,2023-06-10 18:49:46,PREMIUM
472,Victoria Larson,tracey35@gmail.com,2023-05-12 00:01:04,REGULAR
473,Terri Short,clintonstevens@gmail.com,2024-01-20 20:33:19,VIP
474,Jacob Perkins,ncarroll@hotmail.com,2025-03-25 02:41:30,REGULAR
475,Frederick Olson,larsonkevin@hotmail.com,2024-08-02 04:55:45,REGULAR
476,Jane Deleon,hbutler@gmail.com,2024-06-09 15:14:29,REGULAR
477,Sarah Mcfarland,floresannette@yahoo.com,2025-09-07 01:09:22,REGULAR
478,Connie Williams,walkerkeith@yahoo.com,2023-05-27 19:26:13,REGULAR
479,George Alvarez,xshaw@hotmail.com,2024-01-27 11:05:01,PREMIUM
480,Chad Hansen,johnadams@yahoo.com,2025-07-25 06:18:53,REGULAR
481,Thomas Davis,melvin04@gmail.com,2025-06-24 06:06:13,VIP
482,Lisa Branch MD,ginamoore@hotmail.com,2024-04-26 22:16:38,PREMIUM
483,Ashley Brown,alexander14@yahoo.com,2024-08-31 21:15:10,PREMIUM
484,Gary Singh,jdean@hotmail.com,2023-05-12 14:33:13,REGULAR
485,Alicia Aguilar,james94@gmail.com,2024-05-25 06:29:36,PREMIUM
486,Tony Jones,michelle04@hotmail.com,2025-11-30 18:06:08,REGULAR
487,William Romero,lopezvincent@yahoo.com,2025-11-07 12:24:46,REGULAR
488,Michelle Williams,andrewsutton@yahoo.com,2024-07-17 06:37:15,VIP
489,Cynthia Good,bzamora@hotmail.com,2024-06-14 20:42:18,REGULAR
490,Courtney Peterson,robertberry@yahoo.com,2023-12-18 22:08:12,REGULAR
491,Susan Murphy,michelleparker@hotmail.com,2024-04-04 11:55:43,REGULAR
492,Susan Jordan,lonniegrant@hotmail.com,2025-04-18 12:06:44,PREMIUM
493,Evan Hobbs,tali@yahoo.com,2023-02-28 15:19:42,PREMIUM
494,Samantha Walsh,jackfarmer@hotmail.com,2025-08-18 01:52:59,REGULAR
495,Lisa Salazar,wattsthomas@hotmail.com,2023-09-10 01:00:52,PREMIUM
496,Julie Banks,jamesjohnson@gmail.com,2025-08-28 12:00:47,REGULAR
497,Tiffany Walker,saraduke@hotmail.com,2024-11-10 21:38:50,REGULAR
498,Frederick Ellis II,zcortez@hotmail.com,2024-01-04 23:46:03,REGULAR
499,Laura Herrera,hayesmargaret@gmail.com,2024-11-28 09:14:51,REGULAR
500,Danielle Medina,leescott@yahoo.com,2024-12-29 14:10:08,REGULAR
501,Donna Jackson,stevenlucas@gmail.com,2025-11-19 17:06:40,VIP
502,Ashley Osborne,bmorris@gmail.com,2024-12-18 04:40:37,PREMIUM
503,Steven Huang,jennifermartinez@gmail.com,2025-02-20 05:43:13,VIP
504,Madison Miller,nicholasjames@gmail.com,2023-11-07 05:16:15,REGULAR
505,Krystal Keller,barneskyle@yahoo.com,2024-01-24 08:47:43,REGULAR
506,Christopher Roach,ellismelissa@hotmail.com,2024-07-30 15:47:25,REGULAR
507,Lisa Snyder,mmiller@gmail.com,2025-03-12 10:29:45,REGULAR
508,Joshua Harvey,brianbailey@gmail.com,2023-09-07 00:52:37,VIP
509,Mary Massey,kchaney@hotmail.com,2023-08-17 21:33:21,REGULAR
510,Matthew Graves,sarah14@yahoo.com,2023-12-11 22:10:36,PREMIUM
511,James Jones,davidvillarreal@yahoo.com,2023-02-11 10:20:12,REGULAR
512,Kelly Dominguez,webbhaley@hotmail.com,2024-08-03 22:17:41,VIP
513,Lee Stewart,christinacrawford@hotmail.com,2024-08-05 09:45:27,REGULAR
514,Katherine White,wilsonsteven@gmail.com,2023-06-03 22:05:11,REGULAR
515,Christine Gilbert,alexharris@yahoo.com,2023-08-15 21:06:46,REGULAR
516,Barry Evans,matthew99@gmail.com,2025-01-03 22:23:47,REGULAR
517,Cheyenne Bass,brewertimothy@hotmail.com,2024-12-29 17:41:35,REGULAR
518,Sean Huang,conleykevinexample.com,2023-05-04 01:45:03,REGULAR
519,Emily Herrera,carl24@gmail.com,2025-08-03 20:41:43,REGULAR
520,James Ferguson,hancockkaren@hotmail.com,2024-03-23 13:12:19,REGULAR
521,Michelle Nelson,javier42@gmail.com,2024-01-06 09:40:08,PREMIUM
522,Andrew Harris,jamesmclean@hotmail.com,2024-12-11 02:25:51,PREMIUM
523,Emily Murphy,jamiejohnson@yahoo.com,2025-02-15 10:59:02,REGULAR
524,Kelly Smith,cookpamela@gmail.com,2025-03-11 14:35:59,PREMIUM
525,Mary Edwards,james44@hotmail.com,2024-03-28 11:24:24,REGULAR
526,Jeremy Wilson,clarkmichael@yahoo.com,2024-01-09 16:53:05,REGULAR
527,Tony Brock,amber02@gmail.com,2025-11-04 00:51:26,VIP
528,Michael Rodriguez,tjensen@yahoo.com,2023-04-16 03:16:04,REGULAR
529,Michelle Lambert,fbradley@hotmail.com,2025-02-27 13:32:30,REGULAR
530,Jesus Cohen,douglashuang@yahoo.com,2024-12-31 07:54:22,REGULAR
531,Jenna Lyons,efreeman@yahoo.com,2024-08-02 21:43:18,REGULAR
532,John Singleton,sullivanjennifer@gmail.com,2023-04-15 22:48:10,PREMIUM
533,Matthew Sparks,amydickson@yahoo.com,2025-09-02 23:07:02,REGULAR
534,Daniel Benson,amy32@hotmail.com,2024-05-31 13:11:32,REGULAR
535,Nancy Joseph,angela72@yahoo.com,2024-06-09 21:57:23,REGULAR
536,Andrea Rodriguez,dnewman@gmail.com,2025-11-29 14:48:58,PREMIUM
537,Charles Carpenter,shawncarter@hotmail.com,2025-09-08 08:49:10,REGULAR
538,Christina Maldonado,samantha65@gmail.com,2024-12-11 23:31:53,REGULAR
539,Lisa Dixon,smithann@yahoo.com,2023-11-06 20:46:27,REGULAR
540,Douglas Johnson,bsullivan@hotmail.com,2024-04-26 16:28:00,VIP
541,Christopher Taylor,qmoore@gmail.com,2025-04-23 13:39:06,REGULAR
542,Benjamin Smith,christophermay@yahoo.com,2025-10-01 22:11:55,REGULAR
543,Stephanie Dominguez,carnold@yahoo.com,2023-03-16 06:15:48,REGULAR
544,Cody Jacobs,robert89@yahoo.com,2023-07-13 08:45:52,REGULAR
545,Andrew Webb,thomasjessica@yahoo.com,2024-09-13 09:53:33,PREMIUM
546,Blake Wu,suttonamber@hotmail.com,2024-08-23 15:09:42,REGULAR
547,Anthony Cooper,vberry@yahoo.com,2025-12-11 02:11:00,VIP
548,William Phillips,jessica94@gmail.com,2025-03-17 16:00:25,REGULAR
549,Laura Berry,mitchellchristopher@hotmail.com,2024-10-21 10:29:40,REGULAR
550,Richard King,munozrenee@hotmail.com,2023-10-08 07:54:19,REGULAR
551,Jeremy Morton,cooperchristopher@gmail.com,2023-05-05 09:11:07,REGULAR
552,Samantha Monroe,kbarber@gmail.com,2024-11-23 16:56:40,REGULAR
553,Sarah Brown,tross@yahoo.com,2025-12-07 12:17:45,REGULAR
554,Nicole Patel,alyssagraham@yahoo.com,2024-07-01 16:21:49,REGULAR
555,Joan Gregory,stephanie69@hotmail.com,2025-09-20 09:08:37,VIP
556,Frances Adams,jessicachapman@gmail.com,2023-04-27 13:44:14,REGULAR
557,Megan Kaiser,smithconnor@gmail.com,2025-03-08 01:13:59,PREMIUM
558,Heather Hardy,maysdiane@gmail.com,2023-02-18 09:00:23,REGULAR
559,Margaret Erickson,pauladominguez@yahoo.com,2024-11-11 16:16:01,REGULAR
560,Matthew Jones,jonathan14@gmail.com,2025-09-29 05:24:55,REGULAR
561,Gary Brown,mkrause@hotmail.com,2025-05-31 04:24:47,REGULAR
562,Matthew Rodriguez,gainesjennifer@gmail.com,2024-11-29 22:19:44,REGULAR
563,Benjamin Luna,fitzpatrickelizabeth@yahoo.com,2023-04-30 10:29:47,REGULAR
564,Gary Myers,ugraham@gmail.com,2024-09-10 07:47:05,REGULAR
565,April Finley,mathew46@gmail.com,2023-06-26 05:40:15,REGULAR
566,Tina Davis,shodges@hotmail.com,2025-03-15 06:56:34,REGULAR
567,Julian Ponce,mccoymichael@gmail.com,2024-02-11 15:44:30,PREMIUM
568,Jessica Lopez,tracybrown@hotmail.com,2023-11-30 07:45:54,REGULAR
569,Kathryn Hanna,brian06@gmail.com,2025-02-02 01:16:14,REGULAR
570,Matthew Mills,sandyjohnson@gmail.com,2023-04-26 00:51:36,PREMIUM
571,Alec Meadows DDS,conwaylori@gmail.com,2024-11-22 10:56:52,PREMIUM
572,Christopher Garza,bryanharris@yahoo.com,2024-05-11 11:05:44,PREMIUM
573,Vickie Gregory,marcoconnell@gmail.com,2025-05-04 09:22:47,PREMIUM
574,Leslie Rogers,angela73@hotmail.com,2023-09-02 16:13:16,VIP
575,Brett Boone,amiller@gmail.com,2025-09-17 15:10:48,REGULAR
576,Michelle Wheeler,nschwartz@gmail.com,2023-12-15 08:20:00,REGULAR
577,Kelly Jenkins,jennifersalazar@gmail.com,2023-08-04 17:42:18,REGULAR
578,Rachel Bailey,montgomerymichelle@hotmail.com,2024-07-14 15:11:51,REGULAR
579,Julie Sims,ginaschmitt@yahoo.com,2025-05-06 22:53:18,PREMIUM
580,Christopher Livingston Jr.,vwilliams@gmail.com,2023-04-13 03:16:01,VIP
581,Casey Floyd,robert53@gmail.com,2025-01-13 13:55:43,PREMIUM
582,Brent Rojas,drichards@yahoo.com,2025-06-12 01:50:40,VIP
583,Timothy Gibson,theresa35@gmail.com,2025-09-24 20:07:06,REGULAR
584,Keith Ramirez,jeffrey49@gmail.com,2025-03-14 16:34:45,PREMIUM
585,Margaret Carr,jenkinsaimee@gmail.com,2025-05-06 10:04:55,REGULAR
586,Sara Ramirez,ryan39@gmail.com,2023-07-20 10:41:50,VIP
587,Stephanie Butler,simmonsphillip@hotmail.com,2023-03-28 01:56:26,REGULAR
588,Jodi Allen,davidphillips@hotmail.com,2024-04-17 10:35:05,REGULAR
589,Mrs. Maureen Martin DDS,tingram@yahoo.com,2023-12-17 06:08:29,VIP
590,Seth Sims,vbarry@hotmail.com,2024-03-17 06:05:18,REGULAR
591,Jeffery Nelson,olivermatthew@gmail.com,2025-09-13 12:38:39,REGULAR
592,Susan Cox,diazgregory@hotmail.com,2025-08-28 22:31:21,REGULAR
593,Kristina Ayala,wmclaughlin@hotmail.com,2025-02-19 17:17:05,REGULAR
594,Michele Mullins,eramirez@yahoo.com,2025-06-21 00:04:14,PREMIUM
595,John Rose,shannon51@gmail.com,2025-07-29 01:12:49,VIP
596,Judith Miller,martindaniel@gmail.com,2023-03-05 23:50:05,REGULAR
597,Shaun Meyer DDS,thomasfisher@hotmail.com,2023-03-12 14:56:19,PREMIUM
598,Dorothy Brown,robert55@yahoo.com,2024-02-16 03:05:14,PREMIUM
599,Melissa Wilkinson,george43@yahoo.com,2024-10-09 03:28:51,REGULAR
600,Dwayne Bruce,jennifermitchell@gmail.com,2025-09-01 06:22:08,REGULAR
