order_id,customer_id,order_date,status,region_code
1,90,2023-10-19 02:28:19,DELIVERED,CENTRAL
2,27,2023-05-20 05:13:57,PLACED,CENTRAL
3,395,2023-01-20 04:05:29,DELIVERED,NORTH
4,573,2024-01-13 02:05:49,SHIPPED,WEST
5,276,2024-04-12 18:59:14,PLACED,SOUTH
6,432,2024-04-10 15:34:26,PLACED,EAST
7,508,2025-07-11 10:42:25,DELIVERED,SOUTH
8,406,2024-05-31 01:57:19,DELIVERED,EAST
9,441,2025-10-08 08:24:47,PLACED,EAST
10,206,2025-01-14 02:46:39,RETURNED,EAST
11,503,2025-06-13 14:20:08,SHIPPED,EAST
12,403,2024-07-21 00:45:56,DELIVERED,CENTRAL
13,185,2025-11-25 00:05:20,PLACED,WEST
14,215,2024-11-12 02:47:07,CANCELLED,NORTH
15,419,2025-11-11 10:25:31,DELIVERED,SOUTH
16,158,2024-10-19 07:21:12,PLACED,CENTRAL
17,411,2025-04-10 02:39:38,RETURNED,WEST
18,369,2025-12-25 22:49:19,DELIVERED,NORTH
19,255,2025-10-18 13:09:58,SHIPPED,CENTRAL
20,,2025-09-29 00:30:22,DELIVERED,EAST
21,441,2023-06-14 00:00:00,SHIPPED,CENTRAL
22,572,2025-06-20 19:17:26,SHIPPED,EAST
23,513,2023-08-23 04:10:42,PLACED,NORTH
24,88,2023-06-30 07:22:42,DELIVERED,EAST
25,467,2023-11-18 08:34:22,SHIPPED,NORTH
26,464,2024-05-10 00:00:00,PLACED,NORTH
27,,2024-06-16 22:52:22,DELIVERED,SOUTH
28,250,2025-03-12 13:38:49,SHIPPED,CENTRAL
29,474,2023-12-27 04:12:04,DELIVERED,SOUTH
30,443,2024-09-06 00:00:00,DELIVERED,SOUTH
31,440,2024-08-27 00:00:00,SHIPPED,EAST
32,65,2025-06-15 21:05:24,CANCELLED,SOUTH
33,202,2024-12-11 18:42:58,DELIVERED,WEST
34,321,2025-07-16 08:41:08,DELIVERED,NORTH
35,469,2025-08-17 00:56:56,DELIVERED,EAST
36,87,2025-11-10 02:04:48,PLACED,EAST
37,383,2025-12-13 05:11:17,DELIVERED,CENTRAL
38,393,2024-10-19 04:01:44,DELIVERED,SOUTH
39,502,2024-03-24 16:32:27,SHIPPED,WEST
40,368,2023-01-15 21:17:47,SHIPPED,WEST
41,518,2025-10-11 12:12:19,DELIVERED,WEST
42,455,2025-01-29 04:02:18,DELIVERED,SOUTH
43,282,2023-12-16 06:46:12,SHIPPED,WEST
44,508,2025-05-03 23:16:39,DELIVERED,EAST
45,376,2025-04-22 00:50:30,PLACED,WEST
46,436,2023-06-09 02:21:41,DELIVERED,SOUTH
47,34,2024-11-29 15:14:13,CANCELLED,NORTH
48,121,2024-01-04 01:59:21,DELIVERED,EAST
49,439,2023-09-15 20:14:35,DELIVERED,SOUTH
50,584,2024-06-28 23:20:56,DELIVERED,SOUTH
51,300,2024-03-25 11:07:30,RETURNED,CENTRAL
52,98,2023-07-30 15:07:14,DELIVERED,NORTH
53,130,2025-12-25 15:04:34,SHIPPED,EAST
54,403,2025-01-30 08:20:38,DELIVERED,WEST
55,78,2025-09-11 07:21:18,DELIVERED,WEST
56,285,2025-12-15 04:25:40,DELIVERED,WEST
57,3,2023-05-25 16:34:21,DELIVERED,EAST
58,548,2024-09-09 19:55:20,DELIVERED,SOUTH
59,331,2024-03-16 13:06:58,DELIVERED,CENTRAL
60,352,2025-11-26 07:22:48,PLACED,WEST
61,,2023-09-03 10:03:08,PLACED,WEST
62,136,2025-10-06 17:39:07,CANCELLED,EAST
63,370,2024-01-24 23:11:20,DELIVERED,SOUTH
64,313,2025-12-22 13:03:51,DELIVERED,NORTH
65,2,2023-11-28 12:55:05,PLACED,SOUTH
66,456,2023-01-15 00:00:00,SHIPPED,NORTH
67,433,2025-12-14 03:21:04,PLACED,WEST
68,105,2023-06-10 07:37:55,CANCELLED,SOUTH
69,137,2025-09-23 15:41:32,PLACED,CENTRAL
70,169,2024-11-14 16:05:44,SHIPPED,SOUTH
71,454,2023-12-04 11:28:07,PLACED,NORTH
72,394,2024-06-30 02:11:54,SHIPPED,SOUTH
73,87,2024-01-21 12:20:14,DELIVERED,CENTRAL
74,28,2025-10-19 19:07:52,SHIPPED,CENTRAL
75,402,2024-04-04 02:36:22,DELIVERED,SOUTH
76,116,2024-01-10 12:10:45,DELIVERED,CENTRAL
77,13,2024-07-14 22:43:00,PLACED,CENTRAL
78,560,2025-11-26 21:55:30,DELIVERED,NORTH
79,,2023-04-15 00:00:00,SHIPPED,NORTH
80,408,2025-02-25 23:48:44,DELIVERED,WEST
81,412,2023-05-09 01:07:53,DELIVERED,SOUTH
82,318,2023-05-03 18:08:14,SHIPPED,SOUTH
83,401,2025-06-29 23:57:43,CANCELLED,NORTH
84,448,2024-01-06 00:00:00,PLACED,WEST
85,57,2024-04-25 11:10:09,DELIVERED,SOUTH
86,141,2025-12-25 00:00:00,DELIVERED,EAST
87,266,2023-09-17 08:49:48,DELIVERED,EAST
88,121,2023-02-15 14:28:49,DELIVERED,CENTRAL
89,591,2025-09-01 00:00:00,DELIVERED,EAST
90,581,2023-09-17 05:47:21,SHIPPED,NORTH
91,119,2023-12-21 19:32:02,PLACED,NORTH
92,484,2024-07-19 10:01:38,SHIPPED,NORTH
93,430,2023-12-15 18:32:15,DELIVERED,EAST
94,80,2025-06-06 20:24:18,DELIVERED,NORTH
95,529,2023-03-13 08:20:31,PLACED,WEST
96,319,2024-05-23 10:39:46,DELIVERED,EAST
97,578,2024-04-17 02:33:36,SHIPPED,EAST
98,506,2023-10-31 13:52:33,DELIVERED,SOUTH
99,420,2023-02-07 03:26:20,SHIPPED,NORTH
100,2,2025-10-18 02:03:49,DELIVERED,EAST
101,543,2024-01-05 23:31:53,RETURNED,SOUTH
102,96,2023-03-10 04:43:13,CANCELLED,CENTRAL
103,382,2024-12-13 04:33:14,PLACED,NORTH
104,404,2023-04-27 05:52:57,PLACED,SOUTH
105,268,2024-05-04 08:23:00,DELIVERED,EAST
106,279,2023-12-29 00:00:00,SHIPPED,CENTRAL
107,109,2023-09-13 08:20:36,SHIPPED,NORTH
108,213,2024-12-03 00:41:23,SHIPPED,NORTH
109,312,2025-12-30 17:17:57,PLACED,EAST
110,255,2024-07-06 15:03:04,PLACED,EAST
111,179,2023-02-18 06:49:27,CANCELLED,CENTRAL
112,256,2023-05-28 03:36:51,CANCELLED,SOUTH
113,64,2023-12-12 07:30:08,CANCELLED,EAST
114,87,2025-06-23 14:36:17,RETURNED,NORTH
115,,2023-04-11 03:41:30,DELIVERED,SOUTH
116,340,2023-07-10 00:00:00,DELIVERED,SOUTH
117,444,2024-09-05 14:37:06,DELIVERED,WEST
118,220,2023-10-18 17:29:57,DELIVERED,SOUTH
119,,2025-08-19 20:34:29,DELIVERED,WEST
120,564,2025-01-14 00:00:00,SHIPPED,SOUTH
121,539,2024-01-23 00:54:05,CANCELLED,NORTH
122,368,2025-01-15 03:55:55,DELIVERED,CENTRAL
123,398,2024-02-25 02:34:23,SHIPPED,SOUTH
124,,2024-03-12 00:00:00,RETURNED,CENTRAL
125,599,2023-12-28 14:00:03,PLACED,SOUTH
126,58,2023-12-07 20:15:24,RETURNED,WEST
127,178,2023-10-01 13:29:51,SHIPPED,EAST
128,29,2025-12-28 18:37:27,RETURNED,CENTRAL
129,193,2025-02-03 15:32:32,SHIPPED,NORTH
130,239,2025-07-23 15:36:52,DELIVERED,NORTH
131,207,2023-07-22 17:00:10,SHIPPED,EAST
132,152,2025-06-30 06:22:30,PLACED,NORTH
133,374,2023-04-23 16:10:27,RETURNED,WEST
134,345,2024-04-13 18:37:13,RETURNED,WEST
135,499,2025-10-05 11:11:40,DELIVERED,CENTRAL
136,366,2023-12-13 18:53:11,CANCELLED,WEST
137,302,2023-07-17 19:53:28,PLACED,CENTRAL
138,582,2023-02-20 07:18:58,SHIPPED,CENTRAL
139,580,2023-06-11 17:30:38,PLACED,NORTH
140,328,2023-09-18 19:17:47,RETURNED,EAST
141,272,2023-11-22 17:35:48,PLACED,EAST
142,2,2023-03-16 19:04:02,DELIVERED,SOUTH
143,505,2024-08-11 07:25:41,DELIVERED,WEST
144,592,2025-10-08 05:54:15,SHIPPED,WEST
145,35,2024-04-03 00:00:00,SHIPPED,NORTH
146,175,2024-08-06 06:05:04,PLACED,NORTH
147,495,2025-12-30 00:00:00,RETURNED,SOUTH
148,445,2023-09-02 00:00:00,SHIPPED,SOUTH
149,568,2025-04-19 01:20:08,SHIPPED,SOUTH
150,403,2025-06-07 05:07:24,DELIVERED,NORTH
151,438,2023-05-17 03:01:19,DELIVERED,CENTRAL
152,100,2023-02-09 23:29:46,DELIVERED,NORTH
153,119,2024-04-24 00:14:52,DELIVERED,EAST
154,558,2024-08-25 00:03:29,CANCELLED,EAST
155,46,2024-02-14 00:23:06,SHIPPED,EAST
156,155,2025-12-17 22:19:08,PLACED,EAST
157,424,2025-07-05 02:35:43,PLACED,WEST
158,429,2025-04-11 21:25:27,RETURNED,CENTRAL
159,488,2024-04-09 00:00:00,RETURNED,NORTH
160,530,2025-06-06 18:31:12,DELIVERED,NORTH
161,460,2023-09-26 13:23:42,SHIPPED,SOUTH
162,130,2023-03-08 07:04:22,RETURNED,WEST
163,152,2025-07-13 08:59:04,RETURNED,NORTH
164,570,2024-09-09 06:28:04,CANCELLED,CENTRAL
165,13,2025-12-24 01:15:23,DELIVERED,WEST
166,154,2023-08-19 05:17:12,DELIVERED,NORTH
167,577,2023-06-06 21:11:47,CANCELLED,EAST
168,271,2024-08-18 00:53:44,DELIVERED,WEST
169,,2024-03-03 20:11:00,DELIVERED,WEST
170,,2024-05-29 22:59:41,PLACED,WEST
171,382,2023-02-01 10:20:12,DELIVERED,EAST
172,504,2025-12-17 11:34:39,RETURNED,SOUTH
173,454,2024-05-13 10:50:16,DELIVERED,NORTH
174,217,2024-09-24 12:24:40,DELIVERED,EAST
175,528,2023-09-04 00:00:00,DELIVERED,WEST
176,537,2025-06-02 00:00:00,SHIPPED,SOUTH
177,256,2023-02-21 08:58:40,RETURNED,SOUTH
178,476,2025-02-23 16:28:34,RETURNED,NORTH
179,501,2025-07-11 19:33:01,RETURNED,WEST
180,359,2024-06-18 18:31:59,CANCELLED,NORTH
181,396,2023-03-19 03:07:30,DELIVERED,SOUTH
182,231,2025-11-18 18:18:36,DELIVERED,CENTRAL
183,,2025-11-25 00:00:00,RETURNED,SOUTH
184,9,2023-12-14 14:45:05,CANCELLED,EAST
185,282,2024-10-20 08:39:45,CANCELLED,WEST
186,478,2024-04-14 08:47:07,CANCELLED,WEST
187,8,2025-03-05 14:36:48,RETURNED,EAST
188,290,2024-04-08 15:59:20,DELIVERED,EAST
189,333,2024-03-06 03:01:06,DELIVERED,EAST
190,530,2024-01-09 07:06:38,CANCELLED,CENTRAL
191,328,2025-11-23 12:24:50,PLACED,WEST
192,266,2024-10-12 05:15:35,DELIVERED,CENTRAL
193,586,2023-10-23 00:33:01,DELIVERED,CENTRAL
194,488,2025-11-09 17:04:20,SHIPPED,SOUTH
195,572,2023-10-09 09:14:03,DELIVERED,EAST
196,573,2023-10-12 09:16:58,CANCELLED,NORTH
197,229,2024-04-22 00:58:07,CANCELLED,EAST
198,302,2024-12-21 10:14:57,DELIVERED,CENTRAL
199,73,2025-01-03 13:37:32,DELIVERED,WEST
200,424,2023-03-25 23:34:34,SHIPPED,SOUTH
201,584,2024-12-11 19:29:58,CANCELLED,SOUTH
202,500,2024-05-31 17:19:28,SHIPPED,NORTH
203,,2024-02-29 21:51:28,DELIVERED,CENTRAL
204,502,2023-05-17 18:25:09,DELIVERED,WEST
205,489,2024-08-18 00:00:00,DELIVERED,EAST
206,330,2025-04-04 22:22:28,DELIVERED,SOUTH
207,353,2024-04-29 19:38:34,DELIVERED,CENTRAL
208,67,2023-03-13 00:30:13,SHIPPED,CENTRAL
209,346,2024-11-04 16:12:41,RETURNED,EAST
210,502,2024-07-12 01:50:37,SHIPPED,WEST
211,,2023-12-15 11:18:23,PLACED,NORTH
212,174,2023-07-11 07:48:41,DELIVERED,NORTH
213,262,2025-04-10 16:18:26,DELIVERED,NORTH
214,21,2023-03-16 22:19:59,DELIVERED,WEST
215,259,2025-01-06 22:46:38,SHIPPED,NORTH
216,104,2025-10-26 03:09:18,DELIVERED,SOUTH
217,108,2025-03-05 17:15:47,PLACED,NORTH
218,510,2023-11-05 14:05:03,DELIVERED,CENTRAL
219,367,2025-12-28 18:01:22,SHIPPED,CENTRAL
220,213,2025-12-05 02:06:05,SHIPPED,NORTH
221,,2023-05-19 06:15:58,CANCELLED,WEST
222,93,2025-03-05 00:00:00,DELIVERED,EAST
223,468,2024-04-04 20:30:24,PLACED,SOUTH
224,298,2024-07-13 13:46:33,SHIPPED,NORTH
225,47,2023-01-16 00:36:37,DELIVERED,SOUTH
226,449,2025-08-23 22:38:47,DELIVERED,EAST
227,188,2023-06-26 19:57:52,RETURNED,EAST
228,490,2024-10-17 03:36:00,DELIVERED,NORTH
229,61,2023-09-05 14:41:28,RETURNED,WEST
230,449,2023-10-09 13:53:00,DELIVERED,CENTRAL
231,,2025-11-29 06:40:20,DELIVERED,SOUTH
232,500,2023-06-25 10:36:51,DELIVERED,NORTH
233,322,2023-01-20 04:49:19,DELIVERED,CENTRAL
234,230,2025-11-06 13:36:27,DELIVERED,CENTRAL
235,255,2025-01-18 15:38:26,DELIVERED,WEST
236,572,2025-08-10 00:00:00,DELIVERED,SOUTH
237,481,2025-02-09 06:03:57,PLACED,WEST
238,339,2024-03-08 00:00:00,SHIPPED,WEST
239,241,2023-05-03 11:01:03,CANCELLED,WEST
240,511,2024-11-25 11:54:27,RETURNED,NORTH
241,423,2023-02-25 15:54:40,PLACED,NORTH
242,312,2025-02-28 16:12:16,DELIVERED,WEST
243,373,2023-03-26 07:31:35,CANCELLED,EAST
244,485,2025-10-17 20:58:09,DELIVERED,NORTH
245,228,2023-01-04 09:54:29,CANCELLED,EAST
246,383,2025-12-26 16:02:17,CANCELLED,WEST
247,420,2023-06-16 03:48:50,SHIPPED,NORTH
248,403,2023-12-01 21:45:33,DELIVERED,EAST
249,425,2023-03-14 05:39:32,CANCELLED,CENTRAL
250,462,2024-12-11 12:39:21,RETURNED,SOUTH
251,5,2025-04-03 21:24:57,DELIVERED,WEST
252,495,2025-02-28 16:01:26,RETURNED,CENTRAL
253,132,2023-06-10 20:46:17,DELIVERED,EAST
254,394,2024-10-12 08:57:10,RETURNED,SOUTH
255,352,2024-04-01 23:35:04,PLACED,WEST
256,525,2024-04-09 08:17:21,DELIVERED,EAST
257,567,2025-09-09 16:24:51,SHIPPED,EAST
258,136,2025-10-06 20:58:37,SHIPPED,CENTRAL
259,331,2023-06-29 06:37:10,DELIVERED,CENTRAL
260,428,2025-11-13 09:37:08,CANCELLED,EAST
261,433,2023-01-20 20:07:09,PLACED,SOUTH
262,58,2023-11-07 12:54:08,DELIVERED,EAST
263,150,2023-04-07 08:45:04,SHIPPED,CENTRAL
264,,2024-12-04 01:56:46,CANCELLED,CENTRAL
265,575,2024-08-27 02:44:44,DELIVERED,EAST
266,49,2024-08-15 18:25:53,RETURNED,EAST
267,56,2023-01-21 03:22:44,SHIPPED,WEST
268,377,2025-07-03 00:35:43,DELIVERED,SOUTH
269,182,2025-11-26 00:00:00,RETURNED,CENTRAL
270,42,2024-10-27 15:55:45,SHIPPED,SOUTH
271,262,2023-01-09 18:27:57,DELIVERED,SOUTH
272,,2024-05-16 04:31:09,DELIVERED,CENTRAL
273,309,2025-02-01 01:03:52,DELIVERED,NORTH
274,326,2025-03-27 04:08:52,SHIPPED,NORTH
275,164,2024-10-08 03:02:26,DELIVERED,EAST
276,219,2025-10-27 10:54:06,DELIVERED,SOUTH
277,544,2025-01-07 15:57:32,CANCELLED,NORTH
278,355,2024-11-23 07:40:45,DELIVERED,CENTRAL
279,41,2025-11-26 07:21:32,DELIVERED,NORTH
280,554,2024-03-15 00:00:00,DELIVERED,EAST
281,521,2024-11-23 03:33:54,SHIPPED,SOUTH
282,85,2023-05-30 01:30:54,RETURNED,CENTRAL
283,68,2023-11-24 10:30:10,DELIVERED,WEST
284,211,2025-04-15 08:55:48,CANCELLED,WEST
285,74,2025-12-01 17:33:25,DELIVERED,EAST
286,,2023-04-24 00:00:00,DELIVERED,CENTRAL
287,234,2024-02-06 19:05:41,DELIVERED,WEST
288,18,2024-08-28 01:40:55,DELIVERED,CENTRAL
289,600,2023-03-12 16:59:28,PLACED,CENTRAL
290,309,2025-07-31 06:24:49,DELIVERED,WEST
291,32,2025-01-06 07:32:29,SHIPPED,WEST
292,559,2024-04-03 05:35:39,PLACED,EAST
293,12,2025-05-09 20:52:38,PLACED,NORTH
294,,2025-07-15 20:54:23,DELIVERED,NORTH
295,353,2023-11-25 22:07:31,DELIVERED,CENTRAL
296,189,2023-12-09 23:34:19,SHIPPED,NORTH
297,581,2023-03-26 11:44:34,RETURNED,CENTRAL
298,563,2023-04-24 15:01:38,PLACED,NORTH
299,595,2025-01-26 19:46:29,DELIVERED,SOUTH
300,72,2023-10-28 14:08:58,DELIVERED,CENTRAL
301,599,2023-08-25 17:41:45,DELIVERED,EAST
302,173,2023-01-08 12:08:44,DELIVERED,WEST
303,369,2023-07-28 15:17:03,SHIPPED,WEST
304,368,2024-04-19 12:48:50,PLACED,CENTRAL
305,288,2023-08-06 11:38:25,SHIPPED,NORTH
306,20,2025-02-26 20:58:40,CANCELLED,CENTRAL
307,218,2023-02-26 22:38:46,DELIVERED,CENTRAL
308,153,2024-07-22 06:42:25,CANCELLED,CENTRAL
309,298,2023-07-27 23:27:18,DELIVERED,WEST
310,11,2025-10-26 10:26:41,RETURNED,CENTRAL
311,527,2023-08-07 01:23:55,SHIPPED,CENTRAL
312,150,2025-01-21 02:18:49,PLACED,WEST
313,271,2024-07-27 21:32:31,DELIVERED,CENTRAL
314,370,2024-08-25 21:09:35,DELIVERED,NORTH
315,,2025-10-04 10:45:18,DELIVERED,CENTRAL
316,281,2024-02-14 01:08:04,DELIVERED,WEST
317,375,2025-07-01 22:15:16,CANCELLED,CENTRAL
318,229,2025-03-13 03:44:07,CANCELLED,EAST
319,494,2025-07-27 00:00:00,CANCELLED,WEST
320,79,2025-03-10 07:29:20,SHIPPED,SOUTH
321,122,2025-10-23 23:57:14,CANCELLED,NORTH
322,491,2025-01-14 03:12:12,SHIPPED,WEST
323,,2023-03-09 00:32:14,DELIVERED,SOUTH
324,41,2025-06-07 23:44:45,SHIPPED,SOUTH
325,416,2025-07-20 01:40:04,DELIVERED,EAST
326,222,2024-11-28 19:30:54,DELIVERED,WEST
327,421,2025-07-22 08:53:27,DELIVERED,SOUTH
328,524,2024-02-15 22:02:47,DELIVERED,WEST
329,71,2023-12-24 00:04:44,PLACED,NORTH
330,517,2025-11-29 03:04:55,PLACED,NORTH
331,40,2025-04-05 13:08:40,PLACED,WEST
332,553,2023-01-02 20:44:48,DELIVERED,WEST
333,380,2023-03-09 11:29:47,DELIVERED,WEST
334,391,2024-06-28 12:15:04,DELIVERED,CENTRAL
335,138,2024-01-31 09:07:11,SHIPPED,NORTH
336,557,2024-09-26 19:27:12,PLACED,NORTH
337,121,2025-03-18 00:00:00,DELIVERED,EAST
338,110,2023-08-29 10:33:49,DELIVERED,EAST
339,434,2025-05-27 04:25:56,SHIPPED,WEST
340,424,2025-05-07 15:57:51,DELIVERED,EAST
341,496,2024-01-30 05:30:58,DELIVERED,WEST
342,122,2023-12-23 22:29:42,DELIVERED,SOUTH
343,521,2024-09-14 05:59:34,CANCELLED,CENTRAL
344,54,2023-09-07 16:44:50,DELIVERED,NORTH
345,483,2025-07-21 10:46:19,PLACED,SOUTH
346,39,2024-08-20 00:42:43,DELIVERED,CENTRAL
347,59,2023-09-30 06:34:52,DELIVERED,SOUTH
348,531,2024-03-20 07:05:44,DELIVERED,CENTRAL
349,238,2025-08-13 15:56:42,PLACED,SOUTH
350,162,2023-05-15 21:44:04,DELIVERED,EAST
351,416,2025-06-29 10:39:08,PLACED,NORTH
352,563,2024-03-17 22:41:49,DELIVERED,CENTRAL
353,284,2023-12-18 12:54:29,SHIPPED,WEST
354,268,2023-09-29 21:46:11,PLACED,NORTH
355,349,2023-07-01 18:24:41,RETURNED,CENTRAL
356,589,2024-01-24 13:57:02,RETURNED,CENTRAL
357,250,2024-06-11 15:28:15,DELIVERED,WEST
358,29,2025-01-18 17:09:00,PLACED,SOUTH
359,236,2024-05-05 11:17:36,DELIVERED,CENTRAL
360,,2024-02-14 02:23:17,PLACED,EAST
361,183,2025-01-10 07:16:30,SHIPPED,CENTRAL
362,195,2025-02-14 04:02:37,SHIPPED,SOUTH
363,212,2023-12-23 01:28:34,SHIPPED,CENTRAL
364,110,2023-07-06 05:23:38,DELIVERED,WEST
365,555,2023-03-07 15:41:00,DELIVERED,EAST
366,589,2024-03-02 18:47:23,RETURNED,CENTRAL
367,228,2025-06-14 19:38:11,DELIVERED,WEST
368,554,2023-02-20 14:01:24,DELIVERED,SOUTH
369,124,2025-12-20 16:26:39,SHIPPED,NORTH
370,,2023-11-24 09:25:06,PLACED,EAST
371,266,2023-10-18 17:32:55,SHIPPED,WEST
372,352,2024-07-22 10:38:28,DELIVERED,WEST
373,382,2024-07-21 03:05:37,SHIPPED,SOUTH
374,590,2025-12-01 16:22:40,PLACED,EAST
375,569,2024-11-02 10:16:58,SHIPPED,SOUTH
376,10,2023-10-02 08:23:47,PLACED,CENTRAL
377,324,2025-01-25 22:30:57,DELIVERED,CENTRAL
378,,2023-06-03 18:02:52,PLACED,EAST
379,99,2024-11-29 19:48:11,SHIPPED,EAST
380,264,2024-06-18 00:00:00,PLACED,CENTRAL
381,590,2025-10-06 12:44:28,SHIPPED,EAST
382,523,2025-01-27 07:05:02,DELIVERED,NORTH
383,294,2024-12-21 09:55:50,PLACED,SOUTH
384,346,2024-10-17 06:27:30,DELIVERED,NORTH
385,352,2023-12-21 12:34:53,DELIVERED,EAST
386,405,2024-02-26 08:51:43,DELIVERED,EAST
387,534,2024-11-30 11:58:40,SHIPPED,NORTH
388,241,2025-10-25 09:59:22,DELIVERED,NORTH
389,407,2023-06-10 00:27:56,RETURNED,WEST
390,27,2024-09-08 17:41:58,RETURNED,NORTH
391,160,2023-05-11 23:21:06,CANCELLED,EAST
392,291,2024-11-19 10:13:05,PLACED,SOUTH
393,,2025-10-27 18:54:17,RETURNED,WEST
394,554,2024-02-28 04:20:45,PLACED,CENTRAL
395,468,2025-09-07 07:09:24,CANCELLED,WEST
396,547,2024-04-26 01:00:39,DELIVERED,SOUTH
397,453,2024-04-23 06:09:28,SHIPPED,EAST
398,,2025-03-23 22:38:36,CANCELLED,EAST
399,548,2023-01-13 22:05:03,DELIVERED,WEST
400,441,2024-03-31 00:56:47,DELIVERED,CENTRAL
401,422,2025-05-20 18:58:52,SHIPPED,WEST
402,226,2024-02-13 00:00:00,DELIVERED,CENTRAL
403,279,2024-03-18 05:31:20,DELIVERED,EAST
404,71,2023-10-11 08:37:57,PLACED,WEST
405,279,2025-12-24 03:30:40,SHIPPED,NORTH
406,548,2023-02-04 09:05:57,PLACED,EAST
407,449,2023-01-13 17:52:14,SHIPPED,WEST
408,431,2024-04-29 00:25:14,DELIVERED,EAST
409,33,2024-05-28 00:33:43,DELIVERED,SOUTH
410,402,2023-04-21 21:24:51,SHIPPED,EAST
411,13,2023-07-09 11:03:22,DELIVERED,WEST
412,454,2024-01-19 22:52:27,PLACED,WEST
413,97,2025-03-20 13:28:28,SHIPPED,WEST
414,320,2024-05-16 20:40:07,DELIVERED,CENTRAL
415,260,2025-01-17 13:32:22,SHIPPED,NORTH
416,224,2023-06-25 10:16:41,DELIVERED,NORTH
417,283,2025-06-27 07:04:44,DELIVERED,NORTH
418,596,2025-12-09 01:04:45,DELIVERED,EAST
419,255,2023-09-02 23:25:28,DELIVERED,EAST
420,62,2023-04-03 20:34:42,SHIPPED,CENTRAL
421,129,2025-01-27 20:06:03,RETURNED,EAST
422,450,2023-10-27 00:00:00,DELIVERED,SOUTH
423,41,2025-01-23 21:22:29,DELIVERED,CENTRAL
424,195,2025-05-30 08:10:19,SHIPPED,WEST
425,568,2023-09-07 00:00:00,SHIPPED,EAST
426,555,2024-07-24 06:57:13,DELIVERED,CENTRAL
427,190,2023-01-30 01:55:36,DELIVERED,CENTRAL
428,65,2025-10-19 14:48:29,CANCELLED,SOUTH
429,510,2025-05-06 16:12:36,SHIPPED,WEST
430,114,2023-05-30 12:41:41,PLACED,SOUTH
431,33,2023-11-10 22:03:08,SHIPPED,NORTH
432,398,2025-10-19 01:04:56,DELIVERED,CENTRAL
433,376,2023-12-09 21:08:30,PLACED,SOUTH
434,82,2024-12-28 02:30:34,PLACED,CENTRAL
435,426,2024-07-27 07:52:35,PLACED,CENTRAL
436,42,2023-04-20 08:15:34,PLACED,SOUTH
437,100,2023-06-07 05:56:45,DELIVERED,SOUTH
438,255,2025-06-04 12:10:18,SHIPPED,CENTRAL
439,109,2025-09-19 01:38:22,DELIVERED,WEST
440,171,2023-10-08 05:40:13,DELIVERED,SOUTH
441,454,2024-07-01 07:35:36,DELIVERED,EAST
442,423,2025-09-10 16:55:44,DELIVERED,CENTRAL
443,559,2023-11-29 07:49:08,DELIVERED,EAST
444,464,2024-11-26 04:00:04,PLACED,NORTH
445,17,2025-03-15 01:52:32,CANCELLED,NORTH
446,228,2023-11-30 17:10:29,PLACED,EAST
447,524,2025-05-14 05:13:40,DELIVERED,NORTH
448,,2024-07-06 11:48:27,SHIPPED,CENTRAL
449,263,2024-04-11 12:05:10,DELIVERED,SOUTH
450,333,2025-01-19 14:08:26,CANCELLED,CENTRAL
451,98,2025-07-13 15:49:39,PLACED,CENTRAL
452,58,2024-06-03 10:56:58,CANCELLED,WEST
453,124,2023-12-19 04:38:50,CANCELLED,NORTH
454,392,2023-03-26 02:02:10,PLACED,CENTRAL
455,335,2025-02-19 10:53:22,SHIPPED,WEST
456,590,2025-02-23 01:40:26,DELIVERED,WEST
457,345,2023-05-09 05:30:17,DELIVERED,CENTRAL
458,88,2024-09-11 02:09:53,DELIVERED,SOUTH
459,493,2025-05-18 20:04:22,DELIVERED,CENTRAL
460,537,2024-01-18 12:42:37,SHIPPED,WEST
461,590,2023-05-20 04:19:50,DELIVERED,EAST
462,329,2024-06-19 04:49:10,PLACED,EAST
463,359,2025-08-15 06:23:01,CANCELLED,CENTRAL
464,46,2023-12-29 17:07:23,DELIVERED,NORTH
465,56,2024-01-13 13:29:51,RETURNED,EAST
466,,2025-12-13 18:33:38,SHIPPED,WEST
467,,2023-11-21 16:26:25,SHIPPED,CENTRAL
468,265,2025-05-02 12:44:56,DELIVERED,SOUTH
469,19,2024-08-08 00:54:51,DELIVERED,NORTH
470,62,2024-03-17 04:47:32,DELIVERED,EAST
471,9,2023-04-14 10:56:44,SHIPPED,EAST
472,20,2024-03-30 09:01:31,DELIVERED,SOUTH
473,521,2023-06-04 17:29:43,DELIVERED,CENTRAL
474,191,2023-11-05 22:36:17,DELIVERED,NORTH
475,,2025-04-02 10:02:07,DELIVERED,SOUTH
476,,2025-11-29 00:58:35,DELIVERED,SOUTH
477,514,2024-03-04 13:29:15,DELIVERED,WEST
478,31,2025-05-12 01:38:18,SHIPPED,EAST
479,141,2023-05-17 09:14:07,DELIVERED,CENTRAL
480,233,2024-10-10 07:18:52,SHIPPED,EAST
481,338,2024-11-28 18:14:27,SHIPPED,SOUTH
482,208,2023-08-03 13:06:02,DELIVERED,CENTRAL
483,441,2023-08-14 11:40:24,DELIVERED,SOUTH
484,571,2025-04-07 22:14:47,PLACED,EAST
485,150,2023-02-15 19:13:07,CANCELLED,WEST
486,311,2024-11-19 04:24:15,CANCELLED,EAST
487,193,2023-06-15 20:43:39,PLACED,CENTRAL
488,581,2025-08-09 06:30:39,SHIPPED,NORTH
489,489,2023-07-28 07:06:42,DELIVERED,EAST
490,397,2025-02-02 10:25:11,SHIPPED,SOUTH
491,,2023-01-24 07:46:19,RETURNED,SOUTH
492,208,2023-11-14 00:00:00,RETURNED,WEST
493,502,2025-12-04 13:22:49,DELIVERED,SOUTH
494,43,2025-08-02 09:16:17,DELIVERED,EAST
495,586,2025-07-11 10:41:05,DELIVERED,NORTH
496,463,2024-12-10 18:28:56,PLACED,SOUTH
497,406,2023-03-02 23:24:23,DELIVERED,NORTH
498,451,2024-09-10 08:00:09,DELIVERED,EAST
499,433,2024-04-02 08:45:46,PLACED,CENTRAL
500,475,2025-09-30 16:24:36,DELIVERED,NORTH
501,600,2025-12-17 09:00:58,DELIVERED,EAST
502,184,2024-12-05 18:26:37,DELIVERED,SOUTH
503,93,2024-01-24 11:44:37,DELIVERED,SOUTH
504,127,2023-05-22 15:51:21,DELIVERED,EAST
505,394,2025-03-05 20:18:28,SHIPPED,CENTRAL
506,175,2024-06-04 16:54:21,DELIVERED,SOUTH
507,149,2023-10-05 20:38:10,PLACED,EAST
508,457,2024-03-24 14:31:07,PLACED,SOUTH
509,4,2025-08-25 02:43:52,PLACED,WEST
510,557,2023-01-09 22:23:45,DELIVERED,SOUTH
511,488,2024-12-05 20:35:48,PLACED,CENTRAL
512,,2025-04-30 06:22:27,DELIVERED,SOUTH
513,,2023-08-19 00:00:00,SHIPPED,SOUTH
514,592,2025-07-26 04:06:44,RETURNED,NORTH
515,183,2023-09-08 15:00:47,DELIVERED,CENTRAL
516,576,2023-10-03 14:40:10,DELIVERED,EAST
517,96,2024-04-09 22:30:25,CANCELLED,NORTH
518,564,2023-04-11 20:36:42,PLACED,EAST
519,424,2025-03-26 00:13:42,SHIPPED,NORTH
520,542,2023-05-17 04:33:53,DELIVERED,EAST
521,325,2024-02-08 08:49:40,RETURNED,EAST
522,577,2025-02-10 03:01:07,DELIVERED,WEST
523,239,2024-03-27 06:10:47,PLACED,NORTH
524,121,2023-11-19 01:51:13,RETURNED,WEST
525,,2024-06-27 03:53:54,DELIVERED,NORTH
526,289,2024-01-31 05:22:21,SHIPPED,CENTRAL
527,7,2023-06-26 20:08:31,SHIPPED,CENTRAL
528,30,2023-09-30 19:55:37,CANCELLED,WEST
529,37,2025-09-29 23:39:34,SHIPPED,WEST
530,550,2024-06-04 13:47:36,CANCELLED,NORTH
531,307,2025-05-27 14:35:17,SHIPPED,CENTRAL
532,,2025-06-15 22:56:39,DELIVERED,EAST
533,153,2024-03-11 16:18:27,SHIPPED,WEST
534,170,2025-06-05 23:44:18,SHIPPED,NORTH
535,316,2024-05-03 13:23:14,SHIPPED,NORTH
536,244,2024-07-31 05:38:23,RETURNED,SOUTH
537,180,2023-06-24 08:17:06,PLACED,SOUTH
538,455,2025-02-25 00:00:00,DELIVERED,CENTRAL
539,349,2025-01-21 01:08:25,DELIVERED,EAST
540,101,2025-03-12 19:20:26,PLACED,NORTH
541,535,2023-06-29 00:00:00,RETURNED,CENTRAL
542,342,2024-12-26 06:23:42,PLACED,EAST
543,,2024-04-29 21:31:50,SHIPPED,SOUTH
544,284,2025-04-06 20:40:49,DELIVERED,NORTH
545,162,2024-03-01 01:55:21,RETURNED,CENTRAL
546,212,2025-04-22 18:56:11,SHIPPED,SOUTH
547,291,2025-06-10 19:21:48,PLACED,CENTRAL
548,554,2024-11-20 00:00:00,PLACED,NORTH
549,56,2023-05-14 18:46:14,SHIPPED,CENTRAL
550,457,2025-08-15 09:54:04,SHIPPED,SOUTH
551,547,2023-05-03 00:23:32,DELIVERED,WEST
552,96,2025-12-21 05:40:25,DELIVERED,WEST
553,230,2023-08-12 06:19:57,DELIVERED,EAST
554,339,2024-05-19 11:58:15,PLACED,WEST
555,491,2024-12-17 12:20:10,SHIPPED,EAST
556,131,2025-02-28 01:44:10,CANCELLED,NORTH
557,73,2024-04-14 07:46:48,DELIVERED,WEST
558,250,2025-05-01 05:01:12,DELIVERED,NORTH
559,442,2024-11-07 07:09:45,SHIPPED,SOUTH
560,80,2025-06-10 23:17:27,PLACED,CENTRAL
561,569,2023-06-01 16:48:05,SHIPPED,WEST
562,112,2025-11-30 21:36:57,DELIVERED,WEST
563,63,2023-05-21 15:18:54,PLACED,CENTRAL
564,1,2023-08-16 22:19:03,DELIVERED,EAST
565,592,2024-11-25 15:19:28,DELIVERED,EAST
566,312,2024-11-06 07:47:54,RETURNED,NORTH
567,523,2024-09-19 21:34:18,CANCELLED,NORTH
568,563,2023-03-24 00:00:00,DELIVERED,EAST
569,289,2023-02-18 10:39:05,DELIVERED,WEST
570,392,2024-09-22 17:59:40,DELIVERED,SOUTH
571,193,2025-05-12 19:37:02,RETURNED,WEST
572,129,2023-07-28 00:00:00,DELIVERED,SOUTH
573,499,2025-10-19 01:17:06,RETURNED,NORTH
574,426,2024-12-09 09:58:49,DELIVERED,WEST
575,466,2025-03-02 08:21:52,CANCELLED,WEST
576,191,2024-10-21 20:38:33,DELIVERED,SOUTH
577,276,2024-09-30 05:08:37,DELIVERED,NORTH
578,582,2025-01-20 17:32:30,PLACED,WEST
579,82,2023-08-09 17:24:18,DELIVERED,EAST
580,81,2025-03-24 00:09:19,PLACED,WEST
581,80,2025-11-28 16:07:40,DELIVERED,EAST
582,352,2025-04-11 03:29:08,DELIVERED,CENTRAL
583,588,2024-05-29 23:44:14,RETURNED,EAST
584,37,2025-12-15 17:23:07,DELIVERED,CENTRAL
585,485,2025-06-17 02:39:43,PLACED,EAST
586,28,2024-03-21 13:15:45,PLACED,NORTH
587,285,2024-01-27 13:08:29,SHIPPED,EAST
588,,2023-06-23 06:51:47,RETURNED,SOUTH
589,379,2023-09-30 11:21:44,DELIVERED,WEST
590,541,2023-02-21 09:42:15,PLACED,SOUTH
591,158,2025-02-09 10:17:30,DELIVERED,WEST
592,451,2025-09-17 10:30:23,DELIVERED,EAST
593,271,2023-06-30 00:00:00,DELIVERED,WEST
594,546,2023-12-29 23:31:30,DELIVERED,WEST
595,544,2024-11-06 00:00:00,RETURNED,WEST
596,324,2025-04-03 17:16:49,PLACED,CENTRAL
597,443,2025-08-06 08:33:05,CANCELLED,EAST
598,101,2024-02-01 15:54:40,DELIVERED,SOUTH
599,200,2025-03-18 17:13:39,DELIVERED,SOUTH
600,11,2025-11-11 00:00:00,PLACED,WEST
601,107,2025-11-30 21:16:32,SHIPPED,EAST
602,35,2023-02-06 19:37:03,PLACED,CENTRAL
603,223,2025-07-20 02:41:29,DELIVERED,NORTH
604,134,2024-08-07 00:44:47,CANCELLED,CENTRAL
605,190,2023-06-22 04:36:15,SHIPPED,WEST
606,78,2025-09-19 07:27:48,RETURNED,WEST
607,332,2024-02-04 18:12:13,PLACED,NORTH
608,341,2023-04-04 07:08:55,CANCELLED,SOUTH
609,504,2023-11-08 17:29:12,SHIPPED,WEST
610,554,2024-10-31 22:17:55,DELIVERED,WEST
611,106,2023-02-24 00:00:00,DELIVERED,EAST
612,20,2025-02-12 03:39:08,DELIVERED,NORTH
613,273,2023-08-24 12:20:10,RETURNED,CENTRAL
614,,2025-02-01 05:51:21,DELIVERED,NORTH
615,4,2024-08-20 04:21:38,CANCELLED,WEST
616,549,2024-07-11 13:26:42,SHIPPED,NORTH
617,93,2024-07-21 13:26:06,RETURNED,NORTH
618,297,2025-10-03 07:27:27,DELIVERED,WEST
619,307,2025-12-17 00:22:18,PLACED,EAST
620,449,2023-10-22 07:44:54,SHIPPED,CENTRAL
621,399,2023-04-08 20:32:07,DELIVERED,WEST
622,461,2023-01-26 00:00:00,PLACED,NORTH
623,217,2025-10-12 17:17:32,DELIVERED,CENTRAL
624,594,2023-12-28 22:20:05,PLACED,SOUTH
625,20,2025-01-02 00:20:28,DELIVERED,SOUTH
626,134,2023-01-23 07:34:25,PLACED,EAST
627,100,2024-12-09 15:47:39,CANCELLED,NORTH
628,109,2023-06-27 08:55:37,DELIVERED,SOUTH
629,208,2024-10-24 02:18:54,CANCELLED,WEST
630,590,2025-04-28 00:03:37,CANCELLED,SOUTH
631,178,2024-06-05 00:00:00,SHIPPED,WEST
632,379,2025-05-09 16:32:08,SHIPPED,CENTRAL
633,,2023-06-05 07:04:17,DELIVERED,WEST
634,17,2025-01-26 11:27:48,PLACED,NORTH
635,291,2024-10-08 13:53:23,DELIVERED,WEST
636,212,2023-08-11 06:42:07,DELIVERED,WEST
637,179,2025-08-06 10:30:21,DELIVERED,WEST
638,91,2025-09-01 07:23:58,SHIPPED,WEST
639,,2024-01-02 01:15:32,RETURNED,NORTH
640,553,2025-02-27 10:29:27,DELIVERED,SOUTH
641,199,2023-06-25 00:58:55,DELIVERED,WEST
642,164,2025-11-07 00:43:41,PLACED,EAST
643,446,2024-01-26 12:11:31,CANCELLED,WEST
644,,2023-03-23 11:43:22,SHIPPED,NORTH
645,119,2023-04-21 01:50:00,DELIVERED,CENTRAL
646,430,2023-11-05 17:59:20,CANCELLED,SOUTH
647,334,2023-12-20 20:19:51,DELIVERED,SOUTH
648,226,2023-04-25 05:23:11,DELIVERED,WEST
649,466,2023-10-04 14:35:11,PLACED,SOUTH
650,277,2023-11-11 02:58:06,PLACED,CENTRAL
651,140,2023-06-22 14:27:13,DELIVERED,SOUTH
652,226,2024-04-03 12:25:07,DELIVERED,CENTRAL
653,592,2025-05-08 16:13:25,PLACED,CENTRAL
654,222,2025-07-07 23:44:00,DELIVERED,NORTH
655,253,2024-01-20 23:49:33,DELIVERED,CENTRAL
656,588,2023-01-08 21:18:21,PLACED,WEST
657,517,2023-02-22 05:27:54,DELIVERED,NORTH
658,247,2023-05-10 01:52:35,PLACED,WEST
659,136,2024-07-10 18:19:56,DELIVERED,NORTH
660,,2025-11-05 07:27:19,DELIVERED,CENTRAL
661,25,2024-12-07 13:41:38,PLACED,WEST
662,380,2025-08-31 17:12:22,DELIVERED,NORTH
663,341,2025-04-04 00:00:00,DELIVERED,EAST
664,556,2025-06-12 14:06:18,DELIVERED,NORTH
665,344,2023-03-27 03:31:38,RETURNED,EAST
666,114,2024-08-17 21:35:49,DELIVERED,EAST
667,573,2025-12-30 00:00:00,DELIVERED,SOUTH
668,343,2024-01-06 16:52:19,DELIVERED,CENTRAL
669,215,2023-12-17 04:54:32,CANCELLED,CENTRAL
670,284,2023-03-26 00:00:00,SHIPPED,WEST
671,126,2024-12-31 08:58:43,DELIVERED,CENTRAL
672,463,2025-08-22 14:44:28,DELIVERED,NORTH
673,469,2023-05-16 15:06:22,CANCELLED,EAST
674,79,2023-06-19 21:25:11,PLACED,SOUTH
675,210,2025-03-19 20:38:31,PLACED,WEST
676,555,2023-07-25 02:20:13,DELIVERED,NORTH
677,65,2023-02-04 05:35:04,SHIPPED,CENTRAL
678,422,2025-06-17 23:40:17,DELIVERED,EAST
679,543,2025-05-02 00:23:44,SHIPPED,SOUTH
680,314,2023-09-24 18:49:26,SHIPPED,EAST
681,49,2023-08-19 10:27:14,DELIVERED,SOUTH
682,165,2025-04-11 14:03:09,RETURNED,SOUTH
683,120,2023-03-05 22:14:14,DELIVERED,WEST
684,189,2023-11-15 16:44:46,PLACED,EAST
685,152,2024-08-02 07:16:35,RETURNED,CENTRAL
686,26,2024-09-20 11:10:36,DELIVERED,WEST
687,160,2023-01-07 16:06:11,DELIVERED,CENTRAL
688,303,2025-01-06 04:40:13,RETURNED,CENTRAL
689,579,2024-11-17 18:53:20,PLACED,WEST
690,143,2025-11-19 05:58:58,SHIPPED,WEST
691,226,2024-11-23 19:04:01,SHIPPED,CENTRAL
692,598,2025-03-28 18:52:34,RETURNED,EAST
693,86,2025-04-16 09:27:54,DELIVERED,NORTH
694,404,2023-10-30 01:37:22,DELIVERED,CENTRAL
695,370,2024-09-09 14:02:11,CANCELLED,EAST
696,13,2024-03-18 04:32:05,SHIPPED,WEST
697,90,2023-12-02 01:41:53,DELIVERED,WEST
698,296,2023-09-12 10:32:47,RETURNED,WEST
699,425,2023-08-05 19:27:37,DELIVERED,SOUTH
700,487,2025-03-27 00:38:32,PLACED,CENTRAL
701,91,2023-01-11 06:46:09,RETURNED,WEST
702,474,2025-06-01 05:27:18,PLACED,SOUTH
703,297,2025-05-10 09:39:20,CANCELLED,EAST
704,312,2025-02-06 13:24:04,DELIVERED,NORTH
705,158,2024-02-13 01:18:33,DELIVERED,WEST
706,295,2024-10-10 00:43:54,RETURNED,SOUTH
707,,2024-03-06 15:24:00,RETURNED,CENTRAL
708,596,2025-01-16 09:48:46,CANCELLED,WEST
709,123,2024-08-02 17:59:13,DELIVERED,EAST
710,60,2023-08-16 00:23:12,CANCELLED,SOUTH
711,55,2024-02-28 13:53:15,DELIVERED,EAST
712,,2024-03-29 02:01:32,RETURNED,CENTRAL
713,188,2023-05-27 19:32:16,SHIPPED,EAST
714,309,2024-02-26 16:43:26,DELIVERED,NORTH
715,361,2023-08-12 00:00:00,DELIVERED,EAST
716,422,2024-06-12 15:47:29,SHIPPED,SOUTH
717,227,2023-10-20 16:41:12,DELIVERED,CENTRAL
718,565,2025-12-26 22:19:57,PLACED,WEST
719,120,2023-07-23 20:41:21,DELIVERED,EAST
720,143,2024-11-17 12:38:21,DELIVERED,EAST
721,312,2023-02-14 16:13:59,PLACED,SOUTH
722,146,2025-12-04 20:15:26,PLACED,SOUTH
723,436,2025-12-09 03:34:00,PLACED,NORTH
724,442,2023-03-08 01:08:47,PLACED,CENTRAL
725,481,2023-07-04 17:44:29,PLACED,EAST
726,99,2023-07-12 07:21:29,SHIPPED,SOUTH
727,360,2023-02-15 10:51:32,CANCELLED,EAST
728,357,2024-07-01 03:05:23,DELIVERED,CENTRAL
729,584,2023-04-17 03:47:22,DELIVERED,NORTH
730,197,2024-03-13 20:22:58,DELIVERED,NORTH
731,102,2023-11-29 11:04:18,CANCELLED,WEST
732,190,2024-11-13 23:55:48,PLACED,EAST
733,435,2023-11-29 20:42:49,DELIVERED,EAST
734,113,2025-03-18 08:50:55,DELIVERED,EAST
735,42,2023-05-08 18:25:32,PLACED,EAST
736,320,2025-12-03 06:57:07,DELIVERED,CENTRAL
737,439,2023-10-21 06:24:51,CANCELLED,WEST
738,377,2023-10-06 00:00:00,DELIVERED,NORTH
739,536,2025-10-20 00:27:31,PLACED,WEST
740,105,2023-09-20 00:00:00,RETURNED,EAST
741,414,2023-07-10 16:54:19,DELIVERED,WEST
742,596,2025-07-11 04:52:30,DELIVERED,WEST
743,415,2025-01-22 16:41:39,PLACED,WEST
744,257,2025-01-30 03:58:08,DELIVERED,SOUTH
745,,2023-03-24 02:28:51,DELIVERED,NORTH
746,392,2025-07-28 04:31:20,SHIPPED,CENTRAL
747,79,2025-10-23 22:52:16,DELIVERED,WEST
748,510,2025-01-31 13:51:29,DELIVERED,CENTRAL
749,33,2024-10-30 14:42:49,PLACED,WEST
750,386,2024-11-18 11:41:20,PLACED,CENTRAL
751,311,2023-09-12 23:44:27,PLACED,WEST
752,113,2025-06-02 16:27:35,DELIVERED,CENTRAL
753,488,2025-05-23 10:24:03,DELIVERED,WEST
754,387,2025-08-16 09:10:41,DELIVERED,EAST
755,29,2025-07-06 00:00:00,CANCELLED,EAST
756,598,2023-02-11 18:53:55,DELIVERED,WEST
757,354,2024-07-09 03:34:23,PLACED,SOUTH
758,320,2025-07-09 11:10:54,DELIVERED,EAST
759,174,2023-01-31 14:54:58,PLACED,WEST
760,432,2024-02-19 00:00:00,DELIVERED,NORTH
761,387,2025-06-05 00:19:16,DELIVERED,WEST
762,211,2024-06-05 21:46:29,CANCELLED,EAST
763,307,2024-07-18 10:05:04,SHIPPED,NORTH
764,549,2023-11-29 13:29:05,PLACED,CENTRAL
765,232,2025-08-28 05:44:33,PLACED,CENTRAL
766,345,2024-02-29 00:00:00,CANCELLED,WEST
767,356,2023-04-30 02:09:04,SHIPPED,EAST
768,553,2024-05-01 18:38:43,DELIVERED,CENTRAL
769,561,2023-10-08 13:17:15,DELIVERED,CENTRAL
770,591,2025-02-14 11:39:37,RETURNED,WEST
771,546,2025-08-12 11:19:24,RETURNED,CENTRAL
772,62,2025-03-22 07:37:17,DELIVERED,SOUTH
773,308,2024-11-07 08:28:13,CANCELLED,NORTH
774,423,2024-02-19 16:02:56,DELIVERED,EAST
775,242,2024-09-22 11:46:44,PLACED,NORTH
776,318,2024-12-22 01:07:40,RETURNED,WEST
777,38,2023-11-10 18:45:07,PLACED,EAST
778,285,2025-10-20 05:01:26,DELIVERED,NORTH
779,498,2023-01-31 00:00:00,CANCELLED,EAST
780,66,2024-09-24 06:18:54,DELIVERED,NORTH
781,144,2024-01-02 16:15:07,DELIVERED,NORTH
782,595,2025-03-26 23:07:02,CANCELLED,SOUTH
783,321,2024-05-26 12:40:06,DELIVERED,SOUTH
784,224,2023-08-13 03:04:13,SHIPPED,EAST
785,261,2025-07-04 00:00:00,DELIVERED,NORTH
786,434,2025-01-07 15:50:41,RETURNED,SOUTH
787,377,2024-04-23 00:00:00,RETURNED,CENTRAL
788,,2025-10-25 17:28:44,PLACED,SOUTH
789,394,2024-04-25 10:21:55,DELIVERED,NORTH
790,243,2024-11-18 05:58:18,RETURNED,WEST
791,262,2024-04-12 09:55:24,CANCELLED,SOUTH
792,165,2024-11-12 17:21:32,CANCELLED,WEST
793,281,2023-05-05 10:08:29,RETURNED,WEST
794,341,2024-10-18 02:56:44,CANCELLED,SOUTH
795,519,2023-04-14 02:20:59,DELIVERED,CENTRAL
796,465,2025-12-15 00:00:00,PLACED,SOUTH
797,140,2023-01-05 18:40:27,DELIVERED,EAST
798,114,2023-09-03 04:02:49,DELIVERED,SOUTH
799,421,2024-05-11 04:03:45,CANCELLED,SOUTH
800,336,2024-03-13 18:09:57,DELIVERED,SOUTH
801,387,2025-06-05 01:42:05,RETURNED,CENTRAL
802,235,2023-05-19 05:17:12,SHIPPED,SOUTH
803,,2025-08-18 00:51:39,SHIPPED,NORTH
804,175,2025-05-31 04:20:53,DELIVERED,WEST
805,465,2025-11-12 10:00:09,SHIPPED,SOUTH
806,273,2024-03-23 08:00:01,DELIVERED,WEST
807,221,2024-03-15 13:47:00,SHIPPED,SOUTH
808,150,2023-02-14 16:44:22,SHIPPED,CENTRAL
809,255,2024-07-28 05:05:37,DELIVERED,NORTH
810,,2023-07-26 22:14:23,RETURNED,WEST
811,393,2024-10-19 13:25:49,SHIPPED,NORTH
812,54,2024-06-01 02:00:53,DELIVERED,EAST
813,47,2023-01-09 07:52:19,DELIVERED,EAST
814,380,2023-07-25 10:11:57,DELIVERED,CENTRAL
815,174,2025-02-21 13:02:20,SHIPPED,WEST
816,325,2025-04-03 23:37:57,SHIPPED,EAST
817,,2023-07-18 15:23:41,RETURNED,EAST
818,441,2024-03-15 12:13:38,SHIPPED,EAST
819,447,2023-09-14 07:02:33,RETURNED,SOUTH
820,451,2023-03-24 16:16:01,PLACED,SOUTH
821,,2024-02-09 05:51:09,DELIVERED,NORTH
822,507,2023-03-05 08:49:30,RETURNED,CENTRAL
823,505,2023-06-24 17:57:50,CANCELLED,NORTH
824,209,2024-03-17 08:37:44,SHIPPED,CENTRAL
825,577,2025-10-27 03:33:52,DELIVERED,NORTH
826,585,2023-10-08 12:05:40,PLACED,WEST
827,337,2023-02-10 07:56:23,RETURNED,NORTH
828,109,2024-05-17 14:23:00,PLACED,WEST
829,276,2025-07-12 01:32:25,SHIPPED,NORTH
830,464,2024-05-19 17:43:35,RETURNED,CENTRAL
831,50,2025-09-26 20:47:19,DELIVERED,NORTH
832,391,2023-05-24 18:33:06,SHIPPED,WEST
833,214,2023-09-11 02:52:08,DELIVERED,SOUTH
834,503,2024-11-02 15:29:24,RETURNED,CENTRAL
835,99,2024-07-24 19:47:00,DELIVERED,WEST
836,577,2025-07-21 14:19:31,DELIVERED,EAST
837,445,2025-09-06 17:41:16,PLACED,EAST
838,230,2025-10-03 00:40:25,SHIPPED,WEST
839,538,2023-05-11 10:37:56,DELIVERED,WEST
840,131,2025-11-29 01:04:21,CANCELLED,CENTRAL
841,583,2023-03-16 03:26:20,RETURNED,CENTRAL
842,436,2024-10-03 14:28:46,DELIVERED,CENTRAL
843,364,2024-01-31 21:52:37,DELIVERED,NORTH
844,474,2023-10-06 22:11:27,CANCELLED,NORTH
845,305,2024-05-02 16:46:06,DELIVERED,WEST
846,272,2024-06-14 05:52:04,CANCELLED,SOUTH
847,81,2025-07-27 08:43:24,DELIVERED,WEST
848,6,2024-09-05 12:12:03,SHIPPED,WEST
849,415,2025-10-18 17:28:13,DELIVERED,WEST
850,370,2025-12-08 21:45:23,DELIVERED,WEST
851,90,2023-07-14 07:40:27,SHIPPED,NORTH
852,193,2023-02-11 15:44:48,DELIVERED,SOUTH
853,552,2023-10-24 13:48:24,DELIVERED,SOUTH
854,23,2023-06-30 21:53:58,SHIPPED,WEST
855,483,2023-01-31 11:46:35,DELIVERED,SOUTH
856,402,2023-03-21 02:30:59,PLACED,WEST
857,508,2025-06-17 22:03:20,DELIVERED,EAST
858,,2024-09-12 21:09:51,DELIVERED,CENTRAL
859,500,2023-12-27 06:04:27,DELIVERED,WEST
860,567,2023-04-09 15:50:44,DELIVERED,WEST
861,356,2024-11-27 10:46:55,PLACED,EAST
862,481,2024-06-18 03:33:35,DELIVERED,CENTRAL
863,348,2025-07-24 07:55:11,DELIVERED,WEST
864,301,2024-08-29 10:05:39,CANCELLED,EAST
865,166,2025-08-23 23:57:51,DELIVERED,NORTH
866,133,2023-09-27 04:45:38,DELIVERED,NORTH
867,506,2024-04-16 16:57:47,DELIVERED,NORTH
868,268,2024-07-08 15:33:37,SHIPPED,CENTRAL
869,,2023-04-09 21:37:30,PLACED,SOUTH
870,230,2025-01-25 13:00:45,SHIPPED,EAST
871,571,2024-02-20 12:47:45,CANCELLED,CENTRAL
872,107,2023-03-20 07:52:11,DELIVERED,WEST
873,114,2023-06-14 11:56:04,DELIVERED,NORTH
874,43,2025-02-27 01:43:42,DELIVERED,SOUTH
875,161,2024-03-29 19:08:03,DELIVERED,WEST
876,102,2023-08-28 16:33:42,SHIPPED,SOUTH
877,207,2024-11-13 03:08:59,DELIVERED,NORTH
878,486,2024-06-14 05:20:04,SHIPPED,EAST
879,425,2024-07-14 05:45:38,SHIPPED,CENTRAL
880,234,2023-08-03 08:48:05,DELIVERED,WEST
881,529,2025-11-25 18:12:31,PLACED,SOUTH
882,530,2023-04-19 02:10:29,SHIPPED,SOUTH
883,403,2023-02-27 14:57:16,DELIVERED,CENTRAL
884,533,2024-04-04 09:24:20,CANCELLED,CENTRAL
885,322,2024-06-18 00:00:00,SHIPPED,CENTRAL
886,151,2025-12-23 20:53:32,DELIVERED,CENTRAL
887,453,2025-12-19 11:36:08,CANCELLED,WEST
888,309,2023-05-11 00:00:00,SHIPPED,SOUTH
889,554,2024-03-17 01:35:52,DELIVERED,EAST
890,164,2023-02-06 00:00:00,DELIVERED,CENTRAL
891,312,2024-10-18 17:06:31,PLACED,NORTH
892,266,2025-08-31 23:51:50,PLACED,NORTH
893,587,2023-01-09 02:22:10,RETURNED,CENTRAL
894,547,2025-07-14 03:40:22,SHIPPED,CENTRAL
895,387,2025-03-18 06:34:36,PLACED,CENTRAL
896,370,2024-12-06 17:53:21,DELIVERED,WEST
897,64,2024-10-22 00:55:31,DELIVERED,WEST
898,539,2024-09-17 15:44:47,DELIVERED,WEST
899,599,2025-02-13 21:37:47,RETURNED,WEST
900,427,2023-09-10 23:13:07,PLACED,WEST
901,526,2025-04-01 23:48:37,SHIPPED,WEST
902,,2023-09-01 15:24:27,DELIVERED,NORTH
903,419,2023-06-21 09:37:49,DELIVERED,NORTH
904,121,2024-07-31 01:18:24,DELIVERED,EAST
905,147,2023-08-09 19:21:21,DELIVERED,EAST
906,221,2023-10-12 09:36:36,DELIVERED,NORTH
907,70,2023-03-11 09:53:00,DELIVERED,CENTRAL
908,346,2024-08-09 02:58:24,DELIVERED,CENTRAL
909,142,2025-02-23 02:57:38,DELIVERED,WEST
910,334,2023-05-19 17:54:13,DELIVERED,WEST
911,405,2024-06-10 14:45:25,RETURNED,WEST
912,91,2023-09-15 06:33:59,DELIVERED,EAST
913,127,2025-09-27 06:51:39,SHIPPED,CENTRAL
914,55,2025-06-04 20:15:05,DELIVERED,CENTRAL
915,124,2025-10-19 13:30:11,SHIPPED,NORTH
916,211,2024-01-17 00:57:02,CANCELLED,CENTRAL
917,547,2025-07-31 17:11:15,DELIVERED,WEST
918,24,2024-06-12 02:29:56,DELIVERED,CENTRAL
919,264,2023-05-22 09:39:40,PLACED,SOUTH
920,188,2024-02-01 23:45:47,SHIPPED,WEST
921,61,2025-08-12 13:18:15,SHIPPED,NORTH
922,102,2024-05-12 04:00:38,CANCELLED,EAST
923,124,2023-03-22 14:09:23,DELIVERED,CENTRAL
924,521,2025-02-22 14:11:14,PLACED,NORTH
925,567,2024-09-24 00:00:00,PLACED,SOUTH
926,20,2024-02-23 03:00:08,DELIVERED,NORTH
927,569,2025-10-09 03:34:42,SHIPPED,WEST
928,513,2023-11-13 01:25:23,PLACED,CENTRAL
929,252,2025-04-15 00:46:50,RETURNED,CENTRAL
930,2,2024-12-22 19:29:02,DELIVERED,SOUTH
931,,2025-01-19 01:12:24,SHIPPED,WEST
932,218,2025-06-28 00:18:53,SHIPPED,SOUTH
933,577,2023-04-19 15:22:26,DELIVERED,NORTH
934,570,2024-03-10 02:57:37,SHIPPED,CENTRAL
935,326,2025-11-25 14:34:05,DELIVERED,WEST
936,330,2024-06-14 16:52:56,RETURNED,EAST
937,,2025-12-10 17:51:12,RETURNED,CENTRAL
938,10,2025-11-11 00:18:45,DELIVERED,WEST
939,552,2023-05-07 01:26:45,DELIVERED,NORTH
940,456,2025-11-10 07:08:39,RETURNED,WEST
941,367,2024-08-23 19:07:25,DELIVERED,NORTH
942,380,2023-10-27 19:13:14,SHIPPED,NORTH
943,367,2023-10-25 12:04:22,DELIVERED,EAST
944,227,2023-12-30 21:46:08,RETURNED,NORTH
945,215,2023-01-12 02:01:37,CANCELLED,WEST
946,285,2025-06-03 01:40:08,SHIPPED,SOUTH
947,580,2025-11-10 04:31:14,DELIVERED,NORTH
948,67,2023-07-17 22:58:07,DELIVERED,SOUTH
949,281,2023-10-26 00:44:38,PLACED,CENTRAL
950,574,2024-12-06 00:00:00,DELIVERED,NORTH
951,331,2024-11-02 22:33:52,DELIVERED,NORTH
952,478,2025-02-08 20:21:52,DELIVERED,SOUTH
953,,2024-10-14 13:02:56,SHIPPED,WEST
954,84,2025-06-07 06:58:49,RETURNED,SOUTH
955,434,2023-04-26 15:20:16,SHIPPED,EAST
956,100,2023-02-13 07:10:17,CANCELLED,CENTRAL
957,343,2024-01-24 23:56:30,DELIVERED,EAST
958,342,2025-03-18 06:53:23,RETURNED,CENTRAL
959,98,2025-08-29 10:41:29,PLACED,NORTH
960,387,2024-05-01 15:54:13,DELIVERED,SOUTH
961,453,2023-03-27 02:40:32,DELIVERED,NORTH
962,58,2025-05-18 00:00:00,CANCELLED,WEST
963,421,2023-12-29 03:02:40,DELIVERED,CENTRAL
964,,2024-08-19 09:34:33,DELIVERED,CENTRAL
965,348,2025-10-08 04:06:34,DELIVERED,WEST
966,198,2023-06-17 18:46:39,DELIVERED,NORTH
967,199,2025-06-09 10:53:50,DELIVERED,EAST
968,456,2023-10-16 19:43:37,DELIVERED,NORTH
969,599,2024-11-08 01:35:45,DELIVERED,EAST
970,555,2023-08-15 05:16:54,SHIPPED,EAST
971,9,2025-03-15 04:31:52,DELIVERED,NORTH
972,573,2023-03-26 19:54:26,SHIPPED,SOUTH
973,207,2023-04-17 06:16:39,DELIVERED,WEST
974,340,2025-06-17 12:42:56,SHIPPED,EAST
975,167,2023-06-12 21:00:46,DELIVERED,NORTH
976,4,2025-09-19 06:57:42,SHIPPED,CENTRAL
977,493,2024-05-29 23:46:44,DELIVERED,WEST
978,7,2024-07-17 00:00:00,DELIVERED,CENTRAL
979,298,2024-11-15 03:36:17,DELIVERED,EAST
980,,2023-02-16 02:45:30,SHIPPED,SOUTH
981,179,2024-06-11 21:18:51,SHIPPED,SOUTH
982,,2024-02-11 16:11:11,PLACED,SOUTH
983,114,2024-06-09 15:50:34,SHIPPED,SOUTH
984,382,2025-10-23 16:27:46,DELIVERED,CENTRAL
985,67,2023-07-04 01:45:04,RETURNED,SOUTH
986,388,2025-12-14 15:23:22,DELIVERED,SOUTH
987,194,2025-04-11 19:42:24,PLACED,SOUTH
988,287,2023-07-16 10:42:56,RETURNED,WEST
989,84,2025-01-01 03:44:54,DELIVERED,SOUTH
990,522,2024-08-04 09:39:04,DELIVERED,EAST
991,539,2025-12-14 21:11:50,RETURNED,WEST
992,411,2025-09-18 06:18:03,DELIVERED,NORTH
993,208,2024-12-03 06:45:59,DELIVERED,EAST
994,387,2025-06-06 14:13:55,CANCELLED,EAST
995,138,2023-05-11 12:47:47,DELIVERED,SOUTH
996,477,2025-03-06 18:30:53,DELIVERED,WEST
997,377,2025-02-11 21:44:59,DELIVERED,SOUTH
998,272,2025-09-29 00:00:00,RETURNED,EAST
999,526,2025-04-29 04:39:34,DELIVERED,SOUTH
1000,74,2024-07-13 00:00:00,SHIPPED,SOUTH
1001,257,2024-04-15 06:03:17,DELIVERED,EAST
1002,142,2025-04-23 17:11:28,PLACED,EAST
1003,355,2024-09-19 07:10:13,CANCELLED,NORTH
1004,525,2023-08-20 21:36:15,SHIPPED,SOUTH
1005,529,2025-06-30 21:04:54,DELIVERED,WEST
1006,88,2024-05-01 08:16:32,DELIVERED,WEST
1007,461,2025-05-17 00:00:00,PLACED,SOUTH
1008,10,2025-02-15 09:54:08,CANCELLED,EAST
1009,436,2025-12-01 07:05:25,DELIVERED,CENTRAL
1010,24,2025-05-31 16:49:12,RETURNED,SOUTH
1011,339,2025-06-01 15:41:29,DELIVERED,CENTRAL
1012,401,2024-08-15 08:35:11,DELIVERED,CENTRAL
1013,487,2023-06-18 18:19:53,RETURNED,EAST
1014,107,2025-11-14 09:33:23,PLACED,CENTRAL
1015,192,2023-11-06 00:00:00,RETURNED,EAST
1016,299,2025-10-21 14:32:52,DELIVERED,EAST
1017,176,2024-05-22 14:56:44,DELIVERED,SOUTH
1018,133,2025-04-13 08:25:05,DELIVERED,WEST
1019,212,2023-07-21 20:13:35,SHIPPED,WEST
1020,589,2024-04-27 01:20:04,DELIVERED,WEST
1021,8,2023-08-10 15:56:34,CANCELLED,CENTRAL
1022,539,2024-05-25 21:57:44,CANCELLED,WEST
1023,41,2023-05-22 12:33:14,CANCELLED,WEST
1024,305,2024-08-30 12:54:20,CANCELLED,SOUTH
1025,184,2025-08-17 14:53:11,DELIVERED,SOUTH
1026,98,2024-09-03 08:39:23,PLACED,SOUTH
1027,551,2024-03-29 10:25:57,PLACED,SOUTH
1028,422,2025-05-08 18:46:07,DELIVERED,NORTH
1029,334,2024-09-29 01:29:22,SHIPPED,CENTRAL
1030,,2023-02-11 00:00:00,DELIVERED,WEST
1031,409,2023-10-29 23:53:27,PLACED,NORTH
1032,140,2024-05-23 03:33:29,DELIVERED,WEST
1033,562,2025-10-17 15:34:41,RETURNED,SOUTH
1034,286,2023-09-08 16:10:49,PLACED,NORTH
1035,128,2025-04-10 13:20:22,SHIPPED,NORTH
1036,158,2024-11-15 12:55:14,SHIPPED,NORTH
1037,546,2023-12-02 19:16:16,PLACED,CENTRAL
1038,106,2024-08-29 19:18:32,DELIVERED,CENTRAL
1039,,2024-08-09 06:19:30,RETURNED,EAST
1040,205,2023-05-22 00:00:00,PLACED,NORTH
1041,197,2025-11-22 06:43:42,SHIPPED,NORTH
1042,172,2023-09-17 00:00:00,DELIVERED,EAST
1043,195,2025-08-28 09:30:38,DELIVERED,WEST
1044,219,2023-06-14 11:41:26,SHIPPED,WEST
1045,13,2024-08-27 13:55:49,SHIPPED,EAST
1046,378,2023-03-10 00:00:00,SHIPPED,EAST
1047,512,2023-06-08 03:53:08,DELIVERED,CENTRAL
1048,98,2025-07-20 20:40:05,DELIVERED,WEST
1049,137,2024-05-30 19:35:33,DELIVERED,EAST
1050,494,2023-04-15 21:05:06,DELIVERED,CENTRAL
1051,524,2025-09-22 02:59:56,DELIVERED,NORTH
1052,128,2024-04-24 18:42:41,DELIVERED,SOUTH
1053,62,2023-08-02 16:26:24,SHIPPED,SOUTH
1054,39,2024-01-05 19:40:04,DELIVERED,WEST
1055,337,2023-07-28 13:50:13,DELIVERED,NORTH
1056,425,2025-10-03 16:55:18,DELIVERED,SOUTH
1057,340,2024-06-16 09:50:29,DELIVERED,SOUTH
1058,228,2025-08-02 14:14:20,DELIVERED,SOUTH
1059,7,2023-04-11 09:05:30,PLACED,SOUTH
1060,145,2023-11-14 05:52:26,SHIPPED,CENTRAL
1061,210,2024-01-03 02:16:48,DELIVERED,WEST
1062,203,2024-01-16 11:27:51,DELIVERED,EAST
1063,460,2025-09-14 09:01:34,CANCELLED,WEST
1064,369,2024-09-10 15:37:48,DELIVERED,WEST
1065,444,2023-08-31 03:34:13,DELIVERED,NORTH
1066,438,2023-05-10 07:08:44,RETURNED,CENTRAL
1067,567,2023-09-30 22:32:43,DELIVERED,WEST
1068,576,2025-07-30 10:15:46,SHIPPED,WEST
1069,195,2023-01-07 00:00:00,DELIVERED,EAST
1070,426,2024-09-05 01:36:25,DELIVERED,WEST
1071,73,2024-09-27 00:42:20,RETURNED,NORTH
1072,580,2023-09-10 05:18:30,DELIVERED,EAST
1073,357,2025-03-02 15:34:36,DELIVERED,EAST
1074,395,2024-10-20 17:22:10,SHIPPED,NORTH
1075,371,2025-09-07 03:37:19,PLACED,SOUTH
1076,467,2025-11-23 23:59:56,SHIPPED,CENTRAL
1077,166,2023-01-20 03:58:16,PLACED,WEST
1078,83,2025-03-16 12:27:43,CANCELLED,SOUTH
1079,259,2025-12-10 17:32:43,RETURNED,WEST
1080,422,2023-05-19 01:26:31,DELIVERED,EAST
1081,276,2023-11-22 11:40:43,DELIVERED,EAST
1082,,2023-09-19 14:21:29,PLACED,NORTH
1083,428,2025-03-26 12:00:05,SHIPPED,WEST
1084,384,2023-10-17 13:29:49,SHIPPED,SOUTH
1085,113,2024-12-01 01:51:06,SHIPPED,SOUTH
1086,188,2023-10-26 01:59:06,RETURNED,WEST
1087,112,2025-09-15 15:57:57,SHIPPED,WEST
1088,66,2024-06-15 00:00:00,SHIPPED,WEST
1089,104,2023-01-15 00:00:00,DELIVERED,NORTH
1090,43,2023-05-31 10:31:33,DELIVERED,WEST
1091,273,2025-01-24 20:38:24,SHIPPED,WEST
1092,352,2024-05-04 16:23:42,RETURNED,WEST
1093,59,2024-07-07 01:43:54,CANCELLED,NORTH
1094,412,2023-08-04 00:00:00,PLACED,CENTRAL
1095,255,2024-07-26 08:03:43,DELIVERED,WEST
1096,193,2023-01-05 20:39:41,RETURNED,EAST
1097,,2024-07-13 13:26:18,RETURNED,EAST
1098,240,2025-07-31 13:45:53,DELIVERED,NORTH
1099,488,2025-10-19 16:39:25,RETURNED,WEST
1100,200,2023-08-11 09:26:43,CANCELLED,CENTRAL
1101,,2025-02-12 11:59:29,SHIPPED,CENTRAL
1102,479,2023-09-19 01:27:51,RETURNED,WEST
1103,247,2024-01-14 00:58:09,DELIVERED,NORTH
1104,30,2023-09-06 22:00:14,SHIPPED,WEST
1105,226,2024-02-05 05:05:17,RETURNED,NORTH
1106,548,2025-09-11 04:23:18,PLACED,EAST
1107,590,2025-07-22 00:00:00,SHIPPED,WEST
1108,576,2024-11-09 19:08:00,SHIPPED,NORTH
1109,115,2023-05-19 11:21:31,DELIVERED,SOUTH
1110,119,2025-06-08 20:59:10,CANCELLED,WEST
1111,2,2024-04-27 00:00:00,DELIVERED,WEST
1112,328,2024-07-21 01:04:30,RETURNED,SOUTH
1113,228,2023-06-15 13:48:40,DELIVERED,WEST
1114,304,2023-12-07 01:20:29,DELIVERED,CENTRAL
1115,36,2025-07-19 07:52:34,DELIVERED,NORTH
1116,588,2025-01-12 23:40:23,SHIPPED,EAST
1117,386,2023-04-02 08:41:31,SHIPPED,SOUTH
1118,231,2025-12-24 01:04:51,RETURNED,SOUTH
1119,402,2024-04-09 15:19:20,DELIVERED,SOUTH
1120,562,2024-09-01 09:27:58,DELIVERED,EAST
1121,401,2023-04-22 13:45:49,SHIPPED,SOUTH
1122,562,2024-09-03 16:54:04,SHIPPED,CENTRAL
1123,56,2024-04-17 08:42:02,SHIPPED,SOUTH
1124,495,2024-03-28 04:18:26,SHIPPED,SOUTH
1125,10,2024-07-16 16:45:20,DELIVERED,SOUTH
1126,438,2025-11-21 11:33:19,RETURNED,NORTH
1127,486,2023-10-07 01:11:56,PLACED,CENTRAL
1128,445,2023-08-19 19:01:42,DELIVERED,NORTH
1129,407,2025-01-29 01:17:37,DELIVERED,SOUTH
1130,385,2025-12-10 15:58:52,DELIVERED,NORTH
1131,392,2024-03-03 12:47:51,DELIVERED,NORTH
1132,85,2023-07-09 14:24:43,DELIVERED,CENTRAL
1133,587,2025-06-08 13:12:53,DELIVERED,NORTH
1134,186,2024-08-19 11:03:42,DELIVERED,WEST
1135,129,2023-06-04 11:26:19,DELIVERED,CENTRAL
1136,21,2024-09-03 17:47:57,DELIVERED,CENTRAL
1137,532,2025-06-27 07:59:56,CANCELLED,NORTH
1138,213,2025-10-20 01:43:50,SHIPPED,CENTRAL
1139,6,2025-05-11 17:31:35,SHIPPED,NORTH
1140,212,2025-10-10 20:12:05,DELIVERED,NORTH
1141,128,2025-02-25 06:34:36,RETURNED,SOUTH
1142,1,2024-01-21 18:40:39,RETURNED,CENTRAL
1143,301,2025-10-20 23:10:32,PLACED,WEST
1144,536,2024-06-30 23:52:40,DELIVERED,NORTH
1145,46,2024-01-04 00:00:00,PLACED,SOUTH
1146,566,2023-12-02 14:33:13,SHIPPED,CENTRAL
1147,564,2024-02-01 01:52:21,DELIVERED,SOUTH
1148,86,2024-01-30 20:29:40,RETURNED,SOUTH
1149,73,2025-09-05 00:00:13,RETURNED,SOUTH
1150,578,2025-10-18 02:35:35,DELIVERED,SOUTH
1151,158,2024-05-06 10:46:05,DELIVERED,NORTH
1152,254,2023-05-01 10:19:35,DELIVERED,CENTRAL
1153,338,2025-09-21 11:32:48,RETURNED,EAST
1154,232,2024-03-01 00:00:00,DELIVERED,SOUTH
1155,108,2023-07-11 20:32:38,DELIVERED,EAST
1156,502,2023-05-29 10:00:36,DELIVERED,EAST
1157,102,2023-03-16 12:12:03,RETURNED,WEST
1158,545,2025-05-06 23:48:41,CANCELLED,WEST
1159,266,2023-01-15 18:05:28,DELIVERED,SOUTH
1160,582,2024-02-20 00:00:00,DELIVERED,EAST
1161,256,2025-11-19 13:41:46,DELIVERED,SOUTH
1162,363,2024-12-29 01:07:41,SHIPPED,WEST
1163,235,2024-04-19 02:12:43,PLACED,EAST
1164,321,2023-05-21 00:41:05,PLACED,SOUTH
1165,170,2025-06-12 00:00:00,DELIVERED,CENTRAL
1166,11,2024-10-20 15:15:18,RETURNED,SOUTH
1167,528,2025-11-30 07:11:39,CANCELLED,NORTH
1168,195,2023-01-12 07:48:01,DELIVERED,EAST
1169,541,2025-11-28 16:16:48,DELIVERED,SOUTH
1170,537,2023-12-16 15:09:53,DELIVERED,SOUTH
1171,53,2024-10-18 16:13:42,SHIPPED,NORTH
1172,256,2025-04-17 11:50:10,CANCELLED,EAST
1173,301,2024-02-16 06:37:29,DELIVERED,CENTRAL
1174,313,2025-09-25 19:47:40,CANCELLED,WEST
1175,500,2023-03-31 07:38:00,DELIVERED,EAST
1176,110,2023-01-09 00:10:13,DELIVERED,WEST
1177,104,2024-10-31 05:31:49,PLACED,CENTRAL
1178,421,2023-07-12 09:11:18,PLACED,EAST
1179,405,2024-08-04 11:16:06,DELIVERED,SOUTH
1180,276,2023-06-18 20:26:34,DELIVERED,WEST
1181,363,2024-11-05 00:00:00,CANCELLED,SOUTH
1182,292,2023-03-04 12:51:50,DELIVERED,EAST
1183,165,2025-10-31 21:54:57,DELIVERED,EAST
1184,501,2025-05-04 14:05:49,DELIVERED,SOUTH
1185,410,2025-02-18 14:38:38,DELIVERED,WEST
1186,111,2023-02-02 20:36:41,SHIPPED,NORTH
1187,243,2023-03-22 20:11:08,SHIPPED,CENTRAL
1188,445,2025-01-15 22:53:35,DELIVERED,WEST
1189,157,2025-03-05 04:24:09,SHIPPED,NORTH
1190,254,2025-11-01 02:35:58,SHIPPED,NORTH
1191,515,2025-08-07 07:28:33,RETURNED,CENTRAL
1192,153,2023-12-23 08:03:45,DELIVERED,EAST
1193,150,2024-10-24 00:00:00,SHIPPED,NORTH
1194,538,2024-04-21 01:07:58,RETURNED,SOUTH
1195,491,2023-04-06 07:17:00,DELIVERED,EAST
1196,373,2024-03-11 19:53:00,DELIVERED,SOUTH
1197,49,2023-10-10 00:00:00,PLACED,EAST
1198,484,2024-03-11 05:05:51,PLACED,SOUTH
1199,504,2024-07-18 19:17:28,PLACED,NORTH
1200,134,2024-05-29 12:28:06,CANCELLED,CENTRAL
1201,381,2024-01-06 02:41:11,SHIPPED,WEST
1202,109,2023-07-22 16:50:54,DELIVERED,NORTH
1203,196,2023-10-27 16:51:31,RETURNED,NORTH
1204,352,2024-04-13 07:51:19,RETURNED,SOUTH
1205,158,2023-03-10 01:23:47,DELIVERED,EAST
1206,574,2024-06-23 13:45:22,DELIVERED,NORTH
1207,70,2025-01-20 00:51:26,RETURNED,CENTRAL
1208,171,2025-07-19 18:04:03,RETURNED,EAST
1209,,2025-05-29 00:00:00,RETURNED,SOUTH
1210,408,2025-02-07 23:54:11,CANCELLED,NORTH
1211,522,2024-08-19 18:09:56,DELIVERED,CENTRAL
1212,189,2023-01-06 14:14:17,SHIPPED,NORTH
1213,526,2024-12-08 12:04:14,DELIVERED,EAST
1214,226,2024-04-05 09:14:20,DELIVERED,SOUTH
1215,547,2024-01-06 01:21:54,DELIVERED,EAST
1216,277,2023-03-22 00:48:13,SHIPPED,SOUTH
1217,2,2025-10-04 15:15:25,DELIVERED,EAST
1218,563,2024-02-15 04:03:24,DELIVERED,CENTRAL
1219,59,2025-08-30 09:18:18,CANCELLED,SOUTH
1220,287,2023-10-02 13:10:02,PLACED,CENTRAL
1221,392,2025-10-12 16:21:08,DELIVERED,CENTRAL
1222,453,2023-12-09 18:01:10,SHIPPED,WEST
1223,238,2024-11-05 01:05:50,RETURNED,NORTH
1224,471,2023-10-15 10:20:40,SHIPPED,CENTRAL
1225,185,2025-10-02 22:56:45,SHIPPED,SOUTH
1226,193,2023-04-18 21:26:14,DELIVERED,WEST
1227,413,2023-06-05 16:59:12,PLACED,NORTH
1228,387,2024-08-19 00:00:00,CANCELLED,NORTH
1229,86,2024-02-20 18:57:24,DELIVERED,NORTH
1230,10,2023-06-15 04:36:11,CANCELLED,NORTH
1231,492,2025-05-24 08:36:53,CANCELLED,EAST
1232,159,2024-01-14 00:00:00,DELIVERED,CENTRAL
1233,46,2023-06-09 17:13:57,PLACED,WEST
1234,230,2023-02-07 06:49:02,DELIVERED,EAST
1235,232,2025-11-29 04:55:58,CANCELLED,NORTH
1236,113,2023-12-15 18:48:14,RETURNED,EAST
1237,342,2023-07-03 20:26:38,RETURNED,NORTH
1238,155,2023-10-04 14:50:52,SHIPPED,SOUTH
1239,154,2025-11-02 13:45:17,DELIVERED,EAST
1240,107,2024-02-26 03:05:23,DELIVERED,EAST
1241,79,2023-01-04 09:13:48,RETURNED,SOUTH
1242,400,2024-11-24 22:00:40,DELIVERED,WEST
1243,116,2025-06-16 15:32:38,DELIVERED,SOUTH
1244,131,2023-10-10 12:41:31,DELIVERED,WEST
1245,424,2025-07-23 18:36:33,SHIPPED,SOUTH
1246,563,2025-02-11 05:19:00,DELIVERED,CENTRAL
1247,394,2023-05-10 21:29:40,DELIVERED,CENTRAL
1248,225,2025-12-28 05:13:07,DELIVERED,SOUTH
1249,18,2024-07-16 23:11:35,RETURNED,NORTH
1250,358,2024-07-14 13:46:52,CANCELLED,SOUTH
1251,148,2025-05-06 17:25:28,RETURNED,SOUTH
1252,230,2023-03-28 18:49:22,PLACED,SOUTH
1253,27,2025-12-17 09:19:44,DELIVERED,NORTH
1254,76,2025-01-10 17:22:58,CANCELLED,NORTH
1255,145,2023-05-03 17:05:00,PLACED,WEST
1256,187,2024-12-30 18:05:55,DELIVERED,EAST
1257,346,2024-11-20 16:32:12,DELIVERED,EAST
1258,62,2025-09-25 00:00:00,DELIVERED,CENTRAL
1259,406,2024-10-20 01:43:36,CANCELLED,CENTRAL
1260,265,2025-06-07 16:08:02,DELIVERED,WEST
1261,279,2023-05-23 19:38:31,RETURNED,SOUTH
1262,411,2025-08-19 00:00:00,DELIVERED,CENTRAL
1263,80,2025-12-11 15:32:04,SHIPPED,WEST
1264,169,2023-03-26 22:18:25,DELIVERED,SOUTH
1265,107,2023-05-01 20:54:50,DELIVERED,EAST
1266,,2024-03-14 09:26:13,PLACED,SOUTH
1267,317,2023-10-19 15:35:47,DELIVERED,NORTH
1268,88,2025-06-04 15:43:03,DELIVERED,WEST
1269,,2024-05-03 16:24:12,SHIPPED,EAST
1270,408,2025-02-16 01:24:26,DELIVERED,EAST
1271,100,2024-05-29 16:26:14,DELIVERED,NORTH
1272,154,2023-02-06 19:03:08,DELIVERED,CENTRAL
1273,39,2024-03-26 16:26:04,DELIVERED,NORTH
1274,96,2023-12-26 17:33:29,CANCELLED,SOUTH
1275,165,2025-02-18 05:44:45,DELIVERED,CENTRAL
1276,350,2024-11-26 03:16:16,SHIPPED,EAST
1277,442,2023-03-04 03:47:20,DELIVERED,WEST
1278,77,2023-08-25 17:56:10,RETURNED,NORTH
1279,147,2024-04-25 20:34:25,RETURNED,NORTH
1280,466,2024-05-02 08:16:51,SHIPPED,NORTH
1281,373,2024-07-02 22:31:54,SHIPPED,WEST
1282,485,2024-02-02 17:21:08,DELIVERED,SOUTH
1283,583,2025-01-28 00:00:00,CANCELLED,WEST
1284,133,2024-11-15 19:14:49,CANCELLED,EAST
1285,424,2025-02-24 22:54:03,CANCELLED,NORTH
1286,59,2024-01-16 07:25:52,DELIVERED,SOUTH
1287,298,2024-08-06 19:38:53,DELIVERED,NORTH
1288,474,2025-11-05 11:44:28,DELIVERED,CENTRAL
1289,477,2023-06-19 12:15:11,DELIVERED,WEST
1290,205,2024-09-15 17:46:05,SHIPPED,CENTRAL
1291,488,2023-06-27 14:23:54,PLACED,SOUTH
1292,150,2025-09-21 12:59:48,DELIVERED,CENTRAL
1293,64,2024-07-15 13:25:36,RETURNED,SOUTH
1294,24,2025-11-28 01:07:07,SHIPPED,SOUTH
1295,71,2024-03-01 11:55:49,SHIPPED,WEST
1296,538,2023-11-29 14:24:33,SHIPPED,NORTH
1297,439,2024-06-15 07:23:52,SHIPPED,SOUTH
1298,430,2025-01-18 04:17:27,DELIVERED,SOUTH
1299,448,2024-07-04 23:53:24,DELIVERED,NORTH
1300,204,2023-05-01 20:55:08,DELIVERED,SOUTH
1301,325,2023-01-23 00:55:17,DELIVERED,SOUTH
1302,325,2023-06-26 11:34:16,DELIVERED,EAST
1303,4,2024-11-30 22:03:20,CANCELLED,WEST
1304,593,2023-06-01 00:00:00,DELIVERED,SOUTH
1305,560,2023-09-16 00:41:42,SHIPPED,SOUTH
1306,591,2023-01-23 07:47:25,DELIVERED,EAST
1307,515,2023-07-13 18:50:37,DELIVERED,WEST
1308,361,2024-07-01 03:23:09,DELIVERED,EAST
1309,181,2024-12-13 18:10:56,SHIPPED,CENTRAL
1310,447,2024-08-15 17:42:42,DELIVERED,WEST
1311,102,2023-05-17 02:43:01,PLACED,NORTH
1312,422,2023-06-11 01:17:43,DELIVERED,CENTRAL
1313,455,2025-02-20 22:40:39,PLACED,EAST
1314,217,2023-12-13 05:32:42,DELIVERED,NORTH
1315,481,2023-07-13 07:28:49,DELIVERED,WEST
1316,406,2023-01-12 19:32:23,DELIVERED,CENTRAL
1317,271,2024-04-22 12:34:44,DELIVERED,WEST
1318,5,2024-10-05 00:00:00,PLACED,EAST
1319,532,2025-07-20 23:35:45,SHIPPED,CENTRAL
1320,248,2025-05-13 07:28:23,SHIPPED,WEST
1321,592,2024-10-28 14:05:55,DELIVERED,SOUTH
1322,326,2025-03-14 13:29:14,SHIPPED,SOUTH
1323,591,2024-08-31 23:16:23,DELIVERED,EAST
1324,163,2024-05-15 20:06:57,PLACED,WEST
1325,,2025-07-10 15:23:13,DELIVERED,CENTRAL
1326,81,2025-06-07 06:01:09,DELIVERED,SOUTH
1327,367,2023-10-17 19:16:51,CANCELLED,EAST
1328,252,2024-08-10 08:50:56,DELIVERED,EAST
1329,148,2025-09-01 00:00:00,RETURNED,NORTH
1330,126,2023-06-16 08:06:25,SHIPPED,SOUTH
1331,507,2024-07-15 09:52:06,SHIPPED,NORTH
1332,23,2024-10-04 00:00:00,RETURNED,NORTH
1333,430,2024-08-05 22:29:48,DELIVERED,WEST
1334,185,2024-04-09 00:00:00,SHIPPED,CENTRAL
1335,33,2023-07-02 01:47:55,RETURNED,WEST
1336,560,2023-01-08 18:57:22,DELIVERED,NORTH
1337,31,2025-04-12 00:00:00,DELIVERED,SOUTH
1338,374,2023-06-28 07:37:25,PLACED,SOUTH
1339,130,2024-02-20 16:29:53,SHIPPED,NORTH
1340,565,2025-10-09 17:30:29,DELIVERED,WEST
1341,410,2023-10-27 21:35:01,SHIPPED,EAST
1342,106,2025-06-25 15:59:02,DELIVERED,SOUTH
1343,500,2024-11-04 08:59:42,DELIVERED,EAST
1344,111,2025-08-01 09:37:22,SHIPPED,EAST
1345,66,2024-11-29 02:58:21,PLACED,CENTRAL
1346,420,2024-03-31 21:29:12,CANCELLED,CENTRAL
1347,31,2023-06-28 02:27:36,SHIPPED,SOUTH
1348,75,2023-12-01 06:38:49,DELIVERED,EAST
1349,327,2025-12-05 00:00:00,SHIPPED,WEST
1350,330,2023-12-28 09:46:25,DELIVERED,CENTRAL
1351,223,2023-06-09 21:08:34,DELIVERED,NORTH
1352,432,2025-11-25 15:43:16,SHIPPED,EAST
1353,51,2025-02-06 07:12:14,RETURNED,WEST
1354,464,2023-09-23 20:33:05,DELIVERED,SOUTH
1355,292,2023-01-28 16:59:07,CANCELLED,NORTH
1356,292,2023-07-23 14:11:53,DELIVERED,CENTRAL
1357,41,2024-06-08 02:48:21,PLACED,NORTH
1358,426,2024-04-12 14:01:44,DELIVERED,WEST
1359,321,2025-02-06 02:53:30,DELIVERED,WEST
1360,125,2024-08-03 20:13:44,PLACED,SOUTH
1361,,2023-01-17 03:35:31,RETURNED,WEST
1362,91,2023-10-24 22:56:59,CANCELLED,CENTRAL
1363,54,2024-02-08 09:51:31,PLACED,NORTH
1364,77,2024-02-14 16:27:36,DELIVERED,WEST
1365,175,2023-08-03 00:11:20,PLACED,EAST
1366,599,2024-10-04 00:42:50,DELIVERED,CENTRAL
1367,592,2025-01-12 10:24:11,RETURNED,EAST
1368,495,2023-12-17 19:34:19,DELIVERED,NORTH
1369,249,2025-10-21 11:13:31,CANCELLED,NORTH
1370,507,2023-04-04 14:54:50,DELIVERED,WEST
1371,193,2025-01-27 12:44:41,SHIPPED,CENTRAL
1372,527,2024-05-01 18:52:16,SHIPPED,WEST
1373,517,2023-06-14 03:18:28,SHIPPED,EAST
1374,464,2025-08-21 21:05:54,DELIVERED,SOUTH
1375,434,2023-09-13 01:40:57,RETURNED,CENTRAL
1376,151,2024-12-17 01:36:54,DELIVERED,SOUTH
1377,,2024-12-16 21:36:53,PLACED,CENTRAL
1378,272,2023-07-03 19:31:12,PLACED,WEST
1379,407,2025-02-19 03:00:53,SHIPPED,WEST
1380,101,2023-03-18 07:51:47,DELIVERED,WEST
1381,194,2024-09-17 13:26:59,SHIPPED,CENTRAL
1382,444,2023-06-19 14:41:43,DELIVERED,NORTH
1383,55,2023-02-25 10:32:36,SHIPPED,CENTRAL
1384,232,2025-08-21 11:30:18,DELIVERED,WEST
1385,275,2025-02-08 05:20:15,DELIVERED,EAST
1386,295,2023-01-05 19:49:57,DELIVERED,CENTRAL
1387,313,2025-12-04 16:06:36,SHIPPED,NORTH
1388,341,2024-12-08 03:41:40,PLACED,WEST
1389,22,2023-10-03 18:14:26,CANCELLED,SOUTH
1390,10,2025-07-11 18:07:02,DELIVERED,NORTH
1391,254,2025-01-04 02:37:16,CANCELLED,CENTRAL
1392,298,2023-12-21 15:10:52,SHIPPED,SOUTH
1393,103,2024-04-18 04:23:44,SHIPPED,WEST
1394,559,2024-02-04 18:18:44,SHIPPED,WEST
1395,,2024-07-01 18:51:51,SHIPPED,CENTRAL
1396,496,2023-06-25 04:02:14,DELIVERED,NORTH
1397,421,2023-12-09 03:43:26,PLACED,WEST
1398,,2025-06-16 05:53:59,RETURNED,EAST
1399,92,2023-10-29 02:57:27,DELIVERED,NORTH
1400,558,2024-11-28 21:58:30,CANCELLED,SOUTH
1401,358,2024-05-29 11:52:10,DELIVERED,EAST
1402,43,2025-06-19 05:57:12,SHIPPED,CENTRAL
1403,466,2025-05-30 06:42:23,DELIVERED,EAST
1404,9,2025-02-14 01:20:50,PLACED,SOUTH
1405,297,2025-08-27 00:46:05,SHIPPED,WEST
1406,302,2023-01-25 05:19:36,SHIPPED,CENTRAL
1407,501,2024-04-20 00:00:00,DELIVERED,NORTH
1408,,2023-08-02 22:31:42,SHIPPED,CENTRAL
1409,575,2023-08-29 20:11:55,DELIVERED,SOUTH
1410,202,2024-11-02 04:01:14,PLACED,SOUTH
1411,,2024-07-04 21:38:53,DELIVERED,WEST
1412,101,2024-02-10 20:30:45,DELIVERED,SOUTH
1413,331,2025-06-17 03:38:37,DELIVERED,EAST
1414,568,2023-11-06 22:45:47,PLACED,CENTRAL
1415,473,2025-04-27 22:02:33,DELIVERED,WEST
1416,540,2024-11-17 11:16:32,DELIVERED,EAST
1417,438,2024-12-25 18:20:24,DELIVERED,NORTH
1418,28,2024-10-15 20:59:01,PLACED,EAST
1419,595,2025-03-06 16:27:12,DELIVERED,CENTRAL
1420,55,2024-09-01 23:24:02,DELIVERED,WEST
1421,531,2024-12-15 22:16:23,PLACED,EAST
1422,110,2024-06-02 01:09:51,CANCELLED,CENTRAL
1423,340,2023-04-05 13:12:11,DELIVERED,CENTRAL
1424,55,2025-12-25 20:31:29,PLACED,WEST
1425,159,2024-04-12 10:04:28,DELIVERED,NORTH
1426,206,2023-06-28 00:00:00,SHIPPED,NORTH
1427,254,2023-11-14 08:37:10,PLACED,CENTRAL
1428,57,2023-07-09 05:27:31,DELIVERED,SOUTH
1429,560,2024-02-09 07:37:32,DELIVERED,CENTRAL
1430,150,2025-09-15 00:00:00,PLACED,SOUTH
1431,560,2023-11-08 05:37:41,SHIPPED,NORTH
1432,505,2024-07-24 15:24:20,DELIVERED,NORTH
1433,436,2023-08-19 00:00:00,DELIVERED,CENTRAL
1434,595,2024-04-15 00:00:00,DELIVERED,CENTRAL
1435,364,2023-08-05 09:36:42,DELIVERED,EAST
1436,,2023-09-03 22:23:36,CANCELLED,CENTRAL
1437,538,2024-08-29 19:31:49,SHIPPED,SOUTH
1438,577,2024-06-11 01:41:17,CANCELLED,SOUTH
1439,311,2024-09-03 00:00:00,CANCELLED,WEST
1440,484,2025-07-30 03:25:09,DELIVERED,CENTRAL
1441,539,2024-02-07 16:38:47,SHIPPED,CENTRAL
1442,414,2023-04-15 00:00:00,CANCELLED,SOUTH
1443,109,2025-02-14 20:14:43,DELIVERED,SOUTH
1444,243,2023-06-13 18:46:57,SHIPPED,WEST
1445,431,2023-04-10 00:00:00,SHIPPED,NORTH
1446,75,2024-11-16 21:22:25,DELIVERED,NORTH
1447,329,2023-06-17 05:53:35,DELIVERED,CENTRAL
1448,201,2024-01-28 05:41:37,DELIVERED,SOUTH
1449,166,2024-11-05 07:02:30,CANCELLED,SOUTH
1450,25,2025-09-04 07:07:54,PLACED,NORTH
1451,6,2024-07-12 13:24:20,DELIVERED,NORTH
1452,541,2025-02-09 18:45:44,SHIPPED,WEST
1453,366,2025-08-18 18:33:47,CANCELLED,NORTH
1454,386,2023-04-21 02:08:10,PLACED,CENTRAL
1455,121,2025-02-13 17:20:24,DELIVERED,EAST
1456,,2024-03-26 08:07:26,SHIPPED,EAST
1457,162,2024-03-23 00:00:00,DELIVERED,CENTRAL
1458,513,2024-04-30 01:07:32,PLACED,NORTH
1459,270,2025-10-11 00:00:00,SHIPPED,EAST
1460,61,2023-08-05 09:03:23,CANCELLED,EAST
1461,64,2024-01-02 00:26:45,CANCELLED,CENTRAL
1462,37,2024-06-21 06:03:26,RETURNED,CENTRAL
1463,83,2025-05-06 14:37:24,PLACED,NORTH
1464,509,2025-02-27 12:51:31,DELIVERED,WEST
1465,234,2023-02-03 07:27:45,PLACED,SOUTH
1466,389,2025-11-25 08:36:40,PLACED,WEST
1467,387,2025-12-16 07:54:08,DELIVERED,CENTRAL
1468,449,2023-07-03 07:04:52,RETURNED,EAST
1469,352,2024-11-09 02:49:30,SHIPPED,NORTH
1470,233,2024-10-03 16:11:50,CANCELLED,CENTRAL
1471,16,2024-01-24 05:46:56,PLACED,SOUTH
1472,290,2023-03-09 21:58:42,DELIVERED,SOUTH
1473,133,2025-07-30 13:56:05,DELIVERED,NORTH
1474,557,2023-11-16 19:03:10,DELIVERED,EAST
1475,226,2024-11-20 00:26:17,RETURNED,CENTRAL
1476,251,2025-03-29 10:10:29,SHIPPED,CENTRAL
1477,56,2024-06-22 11:30:22,DELIVERED,CENTRAL
1478,81,2023-11-13 05:04:40,CANCELLED,CENTRAL
1479,567,2023-11-24 10:03:41,DELIVERED,SOUTH
1480,,2024-01-01 05:21:31,DELIVERED,WEST
1481,22,2025-02-14 00:37:09,SHIPPED,CENTRAL
1482,87,2023-04-03 18:31:28,DELIVERED,WEST
1483,,2024-08-17 07:55:16,PLACED,SOUTH
1484,442,2025-04-07 00:00:00,SHIPPED,CENTRAL
1485,27,2025-08-03 15:26:44,SHIPPED,EAST
1486,222,2023-02-12 11:30:02,CANCELLED,WEST
1487,59,2023-06-19 15:39:05,RETURNED,EAST
1488,548,2024-12-21 00:37:37,DELIVERED,CENTRAL
1489,391,2024-12-26 23:25:02,RETURNED,SOUTH
1490,288,2025-11-26 09:07:30,PLACED,SOUTH
1491,303,2024-06-08 08:07:05,PLACED,EAST
1492,257,2025-10-11 10:45:51,DELIVERED,NORTH
1493,329,2024-02-15 21:55:43,DELIVERED,NORTH
1494,478,2023-02-27 11:36:00,DELIVERED,CENTRAL
1495,60,2025-06-19 07:56:51,SHIPPED,CENTRAL
1496,66,2024-11-15 04:46:31,DELIVERED,EAST
1497,507,2023-07-17 15:11:52,SHIPPED,CENTRAL
1498,239,2023-06-27 18:52:37,SHIPPED,CENTRAL
1499,594,2024-05-07 00:00:00,DELIVERED,NORTH
1500,266,2024-02-04 00:00:00,CANCELLED,EAST
1501,46,2025-07-21 23:12:07,PLACED,CENTRAL
1502,524,2023-05-01 07:33:13,SHIPPED,EAST
1503,426,2023-04-21 21:43:49,CANCELLED,SOUTH
1504,,2025-07-31 21:21:36,SHIPPED,WEST
1505,384,2025-01-01 04:24:35,SHIPPED,NORTH
1506,46,2024-03-27 20:31:03,RETURNED,NORTH
1507,217,2024-05-01 09:25:44,DELIVERED,CENTRAL
1508,353,2023-11-30 18:53:11,DELIVERED,SOUTH
1509,81,2023-05-01 02:22:45,RETURNED,CENTRAL
1510,589,2025-09-06 04:11:45,DELIVERED,NORTH
1511,541,2023-03-21 21:30:19,DELIVERED,CENTRAL
1512,276,2023-10-30 23:00:23,SHIPPED,SOUTH
1513,371,2023-12-25 16:13:45,DELIVERED,NORTH
1514,456,2024-09-28 19:08:31,DELIVERED,CENTRAL
1515,371,2025-10-11 21:54:18,SHIPPED,WEST
1516,129,2025-04-15 03:46:24,RETURNED,CENTRAL
1517,267,2024-03-21 15:51:18,PLACED,WEST
1518,152,2025-06-13 19:16:28,CANCELLED,SOUTH
1519,465,2023-01-25 02:20:19,DELIVERED,CENTRAL
1520,482,2023-06-06 21:22:49,PLACED,WEST
1521,,2023-09-17 07:48:41,PLACED,CENTRAL
1522,433,2024-07-04 11:47:17,DELIVERED,SOUTH
1523,122,2024-06-07 05:07:23,CANCELLED,CENTRAL
1524,111,2023-03-12 00:00:00,RETURNED,WEST
1525,461,2024-11-07 19:42:21,DELIVERED,SOUTH
1526,522,2023-05-11 03:53:55,PLACED,CENTRAL
1527,465,2024-08-12 08:06:34,SHIPPED,CENTRAL
1528,100,2023-12-27 19:24:45,SHIPPED,CENTRAL
1529,538,2025-06-19 17:33:44,RETURNED,EAST
1530,327,2023-10-05 03:49:24,PLACED,SOUTH
1531,285,2025-06-12 10:41:31,SHIPPED,EAST
1532,122,2024-03-23 03:34:15,DELIVERED,SOUTH
1533,266,2025-07-30 15:39:44,RETURNED,EAST
1534,212,2025-05-07 18:08:42,DELIVERED,NORTH
1535,41,2025-04-18 14:18:42,SHIPPED,WEST
1536,27,2024-07-28 01:28:14,RETURNED,CENTRAL
1537,456,2025-03-20 04:19:55,DELIVERED,NORTH
1538,123,2024-11-21 08:37:17,DELIVERED,NORTH
1539,286,2025-11-04 19:31:25,DELIVERED,NORTH
1540,228,2023-04-26 11:58:52,DELIVERED,EAST
1541,526,2025-11-10 01:00:48,DELIVERED,EAST
1542,40,2024-11-04 05:29:20,DELIVERED,CENTRAL
1543,572,2025-10-24 00:43:43,DELIVERED,NORTH
1544,386,2023-12-09 02:00:25,SHIPPED,SOUTH
1545,192,2025-02-10 15:18:09,SHIPPED,NORTH
1546,220,2023-01-05 23:13:09,DELIVERED,CENTRAL
1547,183,2023-03-02 07:02:36,SHIPPED,WEST
1548,241,2025-09-17 15:43:28,DELIVERED,SOUTH
1549,238,2024-03-29 18:52:14,DELIVERED,WEST
1550,557,2025-01-17 03:27:11,SHIPPED,EAST
1551,458,2024-05-20 11:40:52,DELIVERED,SOUTH
1552,327,2025-10-23 05:25:57,DELIVERED,SOUTH
1553,496,2025-01-29 21:44:33,DELIVERED,NORTH
1554,520,2023-12-01 03:44:21,DELIVERED,NORTH
1555,331,2024-02-11 09:21:02,DELIVERED,WEST
1556,267,2023-03-26 20:52:46,DELIVERED,EAST
1557,47,2024-04-24 06:06:38,SHIPPED,SOUTH
1558,113,2025-08-10 17:37:45,PLACED,CENTRAL
1559,,2023-02-02 19:19:28,PLACED,EAST
1560,567,2023-04-09 14:08:18,DELIVERED,EAST
1561,161,2025-04-12 04:17:57,DELIVERED,EAST
1562,383,2024-05-29 23:17:40,DELIVERED,SOUTH
1563,37,2023-02-01 02:42:42,DELIVERED,CENTRAL
1564,497,2023-03-07 16:30:19,SHIPPED,SOUTH
1565,254,2023-02-22 11:20:08,PLACED,WEST
1566,135,2024-02-24 10:16:46,PLACED,CENTRAL
1567,426,2023-02-01 00:00:00,CANCELLED,CENTRAL
1568,98,2025-07-02 17:31:42,SHIPPED,CENTRAL
1569,332,2024-10-22 10:50:30,PLACED,EAST
1570,103,2024-02-15 12:41:52,DELIVERED,WEST
1571,96,2023-12-12 06:11:26,DELIVERED,WEST
1572,547,2025-02-25 23:10:29,PLACED,WEST
1573,382,2025-04-29 02:01:55,DELIVERED,CENTRAL
1574,407,2023-12-27 13:53:41,DELIVERED,NORTH
1575,341,2023-08-12 08:10:51,RETURNED,NORTH
1576,213,2025-01-30 21:29:41,PLACED,WEST
1577,485,2025-03-24 01:58:39,DELIVERED,SOUTH
1578,506,2024-01-27 12:07:48,DELIVERED,SOUTH
1579,,2025-12-06 07:41:32,DELIVERED,NORTH
1580,215,2025-05-23 16:08:44,DELIVERED,EAST
1581,242,2024-05-14 22:59:19,DELIVERED,CENTRAL
1582,84,2023-06-13 04:19:10,PLACED,SOUTH
1583,166,2025-03-18 16:43:53,SHIPPED,WEST
1584,117,2023-03-02 16:20:05,DELIVERED,CENTRAL
1585,561,2024-10-11 13:39:46,SHIPPED,WEST
1586,278,2025-03-22 15:28:12,CANCELLED,CENTRAL
1587,145,2024-03-26 19:19:12,SHIPPED,CENTRAL
1588,381,2025-03-17 19:52:54,DELIVERED,SOUTH
1589,139,2023-09-13 03:14:39,CANCELLED,NORTH
1590,184,2023-08-22 13:25:11,RETURNED,NORTH
1591,193,2023-11-06 13:14:09,DELIVERED,EAST
1592,480,2025-07-12 10:52:07,DELIVERED,CENTRAL
1593,354,2025-09-03 00:00:00,SHIPPED,EAST
1594,437,2025-06-26 22:33:38,DELIVERED,WEST
1595,575,2025-04-20 10:34:31,SHIPPED,CENTRAL
1596,222,2024-03-10 22:37:02,DELIVERED,SOUTH
1597,393,2024-05-27 21:15:50,CANCELLED,CENTRAL
1598,485,2023-11-22 03:31:11,DELIVERED,SOUTH
1599,151,2023-08-11 15:51:14,CANCELLED,EAST
1600,54,2023-08-01 18:47:43,DELIVERED,WEST
1601,513,2023-07-02 05:07:49,DELIVERED,WEST
1602,364,2024-04-29 07:19:24,SHIPPED,NORTH
1603,220,2023-09-16 01:15:53,CANCELLED,SOUTH
1604,574,2024-11-17 01:47:12,DELIVERED,NORTH
1605,446,2025-10-09 23:45:23,PLACED,EAST
1606,355,2024-10-20 18:46:16,DELIVERED,SOUTH
1607,184,2023-01-17 13:53:48,DELIVERED,SOUTH
1608,,2024-04-27 04:12:14,RETURNED,EAST
1609,14,2025-07-31 14:11:23,DELIVERED,WEST
1610,260,2024-03-01 21:56:28,RETURNED,NORTH
1611,483,2025-08-01 18:57:59,DELIVERED,WEST
1612,559,2023-06-11 00:00:00,PLACED,SOUTH
1613,182,2023-07-24 12:12:03,CANCELLED,NORTH
1614,64,2024-05-03 03:35:16,DELIVERED,SOUTH
1615,18,2024-05-31 18:38:58,CANCELLED,EAST
1616,174,2025-06-30 15:15:36,DELIVERED,NORTH
1617,413,2024-10-08 19:43:26,DELIVERED,NORTH
1618,514,2023-08-18 03:43:06,PLACED,WEST
1619,,2025-08-03 07:36:23,DELIVERED,SOUTH
1620,4,2024-04-28 09:03:15,DELIVERED,EAST
1621,89,2025-05-29 13:03:59,PLACED,NORTH
1622,89,2023-10-16 09:51:54,DELIVERED,NORTH
1623,11,2023-12-04 21:57:05,DELIVERED,SOUTH
1624,196,2023-07-26 04:42:45,DELIVERED,EAST
1625,144,2025-05-27 18:12:59,SHIPPED,SOUTH
1626,205,2023-10-03 03:13:01,SHIPPED,WEST
1627,502,2024-07-05 17:04:02,SHIPPED,CENTRAL
1628,175,2023-02-27 01:26:03,DELIVERED,SOUTH
1629,216,2025-12-26 19:26:46,DELIVERED,EAST
1630,516,2025-05-06 21:33:22,DELIVERED,NORTH
1631,216,2024-02-06 02:54:36,SHIPPED,NORTH
1632,191,2025-01-08 05:06:22,DELIVERED,EAST
1633,35,2024-05-15 18:54:03,DELIVERED,NORTH
1634,487,2024-06-03 22:59:08,RETURNED,SOUTH
1635,314,2023-09-10 19:35:50,SHIPPED,NORTH
1636,468,2025-07-11 02:04:14,DELIVERED,WEST
1637,250,2024-01-28 08:40:11,DELIVERED,WEST
1638,308,2023-03-04 08:06:58,CANCELLED,CENTRAL
1639,437,2024-02-23 10:30:18,DELIVERED,NORTH
1640,171,2024-04-11 22:32:15,RETURNED,CENTRAL
1641,582,2023-08-05 18:46:17,SHIPPED,NORTH
1642,317,2023-08-08 18:02:46,DELIVERED,SOUTH
1643,152,2023-11-08 07:41:49,SHIPPED,NORTH
1644,209,2024-11-09 03:43:19,SHIPPED,CENTRAL
1645,384,2023-01-08 16:21:17,SHIPPED,WEST
1646,404,2025-12-21 12:23:50,DELIVERED,WEST
1647,249,2023-05-29 20:36:35,SHIPPED,SOUTH
1648,335,2024-03-15 22:15:35,DELIVERED,WEST
1649,547,2023-04-22 07:33:32,DELIVERED,CENTRAL
1650,,2025-08-03 07:21:25,SHIPPED,EAST
1651,2,2025-08-06 11:34:11,DELIVERED,NORTH
1652,142,2025-02-15 15:28:31,SHIPPED,WEST
1653,394,2025-10-13 00:33:45,SHIPPED,EAST
1654,493,2023-02-24 02:25:55,RETURNED,SOUTH
1655,530,2023-06-15 08:01:07,PLACED,NORTH
1656,415,2023-01-19 23:45:43,PLACED,CENTRAL
1657,466,2023-01-19 00:03:23,RETURNED,WEST
1658,56,2024-04-15 14:57:46,DELIVERED,NORTH
1659,462,2025-02-18 22:12:45,DELIVERED,EAST
1660,374,2023-06-23 11:26:20,RETURNED,CENTRAL
1661,82,2023-08-22 00:00:00,RETURNED,CENTRAL
1662,528,2025-08-12 14:58:13,DELIVERED,NORTH
1663,41,2023-07-08 19:45:58,DELIVERED,NORTH
1664,379,2024-01-27 23:25:30,DELIVERED,NORTH
1665,184,2024-03-31 12:46:04,PLACED,EAST
1666,37,2025-07-14 12:14:51,DELIVERED,CENTRAL
1667,255,2023-09-30 05:11:02,PLACED,SOUTH
1668,442,2024-03-02 17:25:04,DELIVERED,CENTRAL
1669,537,2025-06-03 00:24:11,PLACED,EAST
1670,,2025-08-04 14:20:40,DELIVERED,NORTH
1671,81,2024-06-08 17:04:49,DELIVERED,WEST
1672,189,2024-02-04 00:21:37,DELIVERED,NORTH
1673,444,2023-06-30 20:39:16,DELIVERED,EAST
1674,553,2024-01-14 15:44:53,PLACED,CENTRAL
1675,448,2024-03-02 20:47:33,DELIVERED,EAST
1676,47,2025-07-28 05:57:47,SHIPPED,EAST
1677,417,2023-11-18 00:00:00,DELIVERED,SOUTH
1678,474,2025-07-19 15:18:02,DELIVERED,NORTH
1679,19,2024-05-19 06:17:40,DELIVERED,CENTRAL
1680,431,2025-09-13 02:02:24,DELIVERED,WEST
1681,13,2024-06-16 18:07:46,SHIPPED,WEST
1682,511,2023-11-24 05:07:52,SHIPPED,WEST
1683,34,2025-10-23 08:37:30,RETURNED,WEST
1684,354,2023-05-10 01:53:39,RETURNED,EAST
1685,323,2024-12-02 09:06:34,PLACED,CENTRAL
1686,361,2025-05-27 12:42:59,RETURNED,NORTH
1687,291,2025-05-14 09:34:03,RETURNED,WEST
1688,135,2024-08-10 20:50:59,CANCELLED,NORTH
1689,217,2023-06-21 20:41:18,SHIPPED,SOUTH
1690,411,2025-05-04 12:06:33,DELIVERED,WEST
1691,286,2024-05-11 04:13:31,DELIVERED,EAST
1692,546,2024-09-01 05:16:58,DELIVERED,WEST
1693,461,2023-09-01 20:11:01,SHIPPED,EAST
1694,,2024-06-02 22:28:02,DELIVERED,NORTH
1695,429,2024-10-11 18:13:12,DELIVERED,CENTRAL
1696,516,2023-05-06 01:28:27,DELIVERED,NORTH
1697,256,2023-09-16 14:02:11,DELIVERED,NORTH
1698,24,2025-07-23 03:40:35,DELIVERED,CENTRAL
1699,198,2023-09-08 16:39:19,DELIVERED,SOUTH
1700,205,2024-05-16 08:01:49,PLACED,NORTH
1701,473,2024-12-14 07:57:11,DELIVERED,SOUTH
1702,473,2025-02-16 01:21:52,CANCELLED,EAST
1703,164,2024-01-16 09:10:16,RETURNED,NORTH
1704,417,2025-03-18 10:20:14,CANCELLED,NORTH
1705,267,2025-04-14 17:32:28,DELIVERED,CENTRAL
1706,450,2025-01-16 21:48:18,PLACED,WEST
1707,41,2024-07-18 11:32:14,RETURNED,WEST
1708,128,2023-06-10 23:20:45,SHIPPED,CENTRAL
1709,115,2023-09-20 11:02:30,DELIVERED,SOUTH
1710,495,2023-11-23 08:32:09,SHIPPED,NORTH
1711,504,2024-01-16 04:08:15,SHIPPED,WEST
1712,462,2025-12-22 17:32:58,SHIPPED,NORTH
1713,152,2025-03-21 13:20:31,SHIPPED,EAST
1714,299,2024-04-21 09:12:54,SHIPPED,EAST
1715,451,2025-11-11 21:38:59,DELIVERED,SOUTH
1716,300,2024-08-19 21:00:31,SHIPPED,SOUTH
1717,152,2025-06-26 00:00:00,DELIVERED,CENTRAL
1718,530,2024-09-22 10:59:04,RETURNED,EAST
1719,514,2024-05-03 05:48:46,DELIVERED,WEST
1720,538,2025-01-18 20:13:09,CANCELLED,NORTH
1721,67,2024-06-15 20:22:00,SHIPPED,SOUTH
1722,123,2025-10-06 17:37:55,DELIVERED,CENTRAL
1723,13,2025-03-25 04:32:51,DELIVERED,EAST
1724,409,2025-08-31 01:57:37,SHIPPED,NORTH
1725,548,2025-04-15 07:59:36,RETURNED,NORTH
1726,536,2024-01-21 05:03:51,DELIVERED,SOUTH
1727,251,2023-12-21 17:07:46,DELIVERED,NORTH
1728,273,2025-05-07 11:08:38,DELIVERED,NORTH
1729,136,2025-03-22 18:21:47,SHIPPED,SOUTH
1730,596,2025-01-11 10:22:26,DELIVERED,NORTH
1731,75,2023-11-02 03:17:08,DELIVERED,WEST
1732,556,2025-07-04 13:31:30,DELIVERED,CENTRAL
1733,,2024-10-29 14:27:06,PLACED,WEST
1734,200,2025-07-03 21:10:58,DELIVERED,WEST
1735,258,2024-09-24 12:21:20,DELIVERED,SOUTH
1736,495,2025-03-09 18:46:27,DELIVERED,EAST
1737,255,2024-06-13 22:42:22,DELIVERED,EAST
1738,115,2023-10-11 00:10:23,SHIPPED,CENTRAL
1739,168,2023-10-05 00:00:00,DELIVERED,EAST
1740,454,2024-06-15 22:46:47,DELIVERED,SOUTH
1741,112,2023-12-27 02:14:05,DELIVERED,EAST
1742,484,2023-06-09 21:01:41,RETURNED,SOUTH
1743,159,2024-05-17 22:51:00,DELIVERED,SOUTH
1744,161,2024-05-20 22:16:38,RETURNED,CENTRAL
1745,276,2023-12-22 07:26:01,DELIVERED,EAST
1746,314,2024-06-02 10:03:50,CANCELLED,EAST
1747,436,2025-05-25 00:50:21,DELIVERED,WEST
1748,419,2024-07-03 07:36:33,PLACED,WEST
1749,20,2025-12-30 03:39:28,DELIVERED,EAST
1750,383,2023-02-06 18:49:01,DELIVERED,EAST
1751,205,2023-11-30 23:01:47,DELIVERED,EAST
1752,249,2023-09-07 04:48:52,DELIVERED,CENTRAL
1753,48,2025-10-21 08:53:37,RETURNED,WEST
1754,385,2023-04-03 03:29:29,DELIVERED,EAST
1755,449,2024-03-17 13:03:40,PLACED,NORTH
1756,424,2023-08-24 18:29:31,DELIVERED,CENTRAL
1757,91,2024-11-11 19:33:42,DELIVERED,EAST
1758,299,2025-12-07 00:00:00,DELIVERED,NORTH
1759,322,2024-07-15 03:36:57,DELIVERED,SOUTH
1760,480,2023-12-20 16:36:38,SHIPPED,EAST
1761,24,2023-08-06 21:38:32,DELIVERED,WEST
1762,50,2025-03-31 00:00:00,RETURNED,EAST
1763,,2024-11-10 04:15:18,RETURNED,EAST
1764,504,2024-03-15 01:49:20,DELIVERED,NORTH
1765,572,2023-06-24 12:08:58,DELIVERED,NORTH
1766,480,2025-08-05 15:37:19,SHIPPED,NORTH
1767,442,2024-03-06 02:16:19,CANCELLED,SOUTH
1768,75,2023-10-10 05:17:27,SHIPPED,CENTRAL
1769,443,2023-02-03 08:57:50,SHIPPED,CENTRAL
1770,20,2023-01-14 06:18:58,DELIVERED,EAST
1771,599,2025-11-13 20:36:39,DELIVERED,SOUTH
1772,589,2024-07-04 22:08:07,DELIVERED,CENTRAL
1773,152,2023-11-17 05:36:42,PLACED,CENTRAL
1774,41,2023-07-17 18:57:56,RETURNED,EAST
1775,236,2025-10-19 10:14:45,SHIPPED,WEST
1776,239,2023-12-04 11:08:16,PLACED,WEST
1777,385,2023-02-09 11:52:16,DELIVERED,SOUTH
1778,458,2024-11-12 06:12:42,SHIPPED,WEST
1779,128,2023-05-25 05:45:59,DELIVERED,CENTRAL
1780,125,2023-09-11 00:43:05,PLACED,WEST
1781,367,2024-05-07 06:07:37,SHIPPED,NORTH
1782,369,2025-01-12 12:20:49,PLACED,WEST
1783,,2024-08-13 08:30:46,DELIVERED,NORTH
1784,318,2023-04-12 10:46:09,CANCELLED,EAST
1785,87,2025-10-07 09:53:11,DELIVERED,WEST
1786,,2024-03-02 18:09:34,CANCELLED,NORTH
1787,255,2023-10-03 12:23:59,PLACED,SOUTH
1788,482,2023-03-02 00:00:00,CANCELLED,EAST
1789,425,2023-09-02 15:22:49,SHIPPED,CENTRAL
1790,186,2024-07-21 02:43:18,PLACED,SOUTH
1791,,2023-11-14 00:32:17,DELIVERED,EAST
1792,30,2023-02-10 03:00:48,CANCELLED,NORTH
1793,148,2024-09-25 00:00:00,DELIVERED,CENTRAL
1794,174,2023-09-03 17:06:04,SHIPPED,SOUTH
1795,68,2023-06-24 14:58:13,DELIVERED,WEST
1796,550,2024-11-15 03:53:32,DELIVERED,NORTH
1797,481,2024-02-04 00:29:43,DELIVERED,EAST
1798,99,2025-01-12 05:17:47,CANCELLED,CENTRAL
1799,225,2025-03-10 14:40:32,RETURNED,SOUTH
1800,98,2024-09-19 08:11:30,DELIVERED,SOUTH
1801,190,2025-10-21 07:04:17,DELIVERED,WEST
1802,533,2025-03-13 23:35:28,CANCELLED,SOUTH
1803,384,2025-10-24 03:23:27,DELIVERED,NORTH
1804,395,2025-09-08 00:00:00,SHIPPED,SOUTH
1805,,2025-09-12 00:00:00,DELIVERED,SOUTH
1806,12,2025-06-07 16:56:21,CANCELLED,SOUTH
1807,592,2024-09-22 03:59:01,SHIPPED,CENTRAL
1808,451,2023-07-03 00:36:55,DELIVERED,CENTRAL
1809,346,2023-10-17 10:29:26,CANCELLED,WEST
1810,468,2025-10-27 07:40:49,CANCELLED,CENTRAL
1811,375,2024-10-24 13:36:49,RETURNED,SOUTH
1812,469,2023-06-22 15:29:11,DELIVERED,SOUTH
1813,315,2024-12-04 00:50:22,RETURNED,NORTH
1814,517,2023-10-11 16:16:58,RETURNED,CENTRAL
1815,228,2023-01-26 23:20:18,DELIVERED,CENTRAL
1816,156,2025-05-24 09:47:57,DELIVERED,CENTRAL
1817,236,2025-12-13 14:48:52,DELIVERED,EAST
1818,170,2025-09-13 07:03:40,DELIVERED,SOUTH
1819,435,2023-11-11 02:25:04,RETURNED,WEST
1820,535,2024-10-16 09:51:55,DELIVERED,SOUTH
1821,308,2023-01-01 00:00:00,DELIVERED,EAST
1822,69,2023-04-02 23:57:52,PLACED,WEST
1823,249,2024-08-30 18:25:11,DELIVERED,WEST
1824,255,2024-06-28 00:00:00,RETURNED,EAST
1825,412,2023-07-11 19:20:53,DELIVERED,SOUTH
1826,146,2025-11-10 06:51:06,SHIPPED,NORTH
1827,537,2023-06-09 09:39:37,DELIVERED,SOUTH
1828,306,2023-07-13 23:17:08,DELIVERED,SOUTH
1829,350,2024-02-27 16:43:37,PLACED,EAST
1830,478,2024-10-23 15:05:49,CANCELLED,WEST
1831,231,2025-03-23 04:51:44,RETURNED,CENTRAL
1832,372,2024-01-10 20:02:23,DELIVERED,WEST
1833,108,2024-03-11 06:44:45,DELIVERED,EAST
1834,337,2024-10-13 21:30:46,SHIPPED,EAST
1835,104,2025-01-24 06:34:11,DELIVERED,CENTRAL
1836,273,2023-06-11 12:06:46,CANCELLED,WEST
1837,580,2024-08-06 19:40:20,CANCELLED,WEST
1838,,2023-06-17 10:59:19,DELIVERED,NORTH
1839,121,2024-01-06 16:11:11,DELIVERED,CENTRAL
1840,404,2023-03-03 22:16:19,DELIVERED,WEST
1841,536,2023-02-27 21:45:31,CANCELLED,WEST
1842,27,2023-12-02 14:32:15,PLACED,EAST
1843,423,2023-02-14 01:52:51,CANCELLED,EAST
1844,353,2024-07-01 09:37:14,SHIPPED,WEST
1845,333,2024-12-12 19:06:16,DELIVERED,SOUTH
1846,561,2025-10-04 01:53:16,DELIVERED,EAST
1847,177,2025-02-15 11:15:06,SHIPPED,CENTRAL
1848,234,2024-05-06 17:14:53,PLACED,NORTH
1849,321,2025-08-23 22:22:26,SHIPPED,WEST
1850,498,2024-06-28 15:05:17,DELIVERED,EAST
1851,173,2024-05-16 00:00:00,SHIPPED,EAST
1852,574,2024-04-05 03:16:26,DELIVERED,WEST
1853,78,2023-11-05 13:04:33,DELIVERED,WEST
1854,150,2024-06-12 10:13:52,DELIVERED,WEST
1855,301,2025-08-10 21:57:22,PLACED,SOUTH
1856,42,2024-01-17 23:57:01,DELIVERED,EAST
1857,,2023-12-15 16:47:45,RETURNED,SOUTH
1858,451,2025-10-03 11:16:41,PLACED,EAST
1859,22,2025-08-09 01:14:06,DELIVERED,CENTRAL
1860,582,2023-10-26 15:11:36,CANCELLED,CENTRAL
1861,590,2024-08-24 08:16:31,DELIVERED,EAST
1862,270,2024-11-01 00:34:39,RETURNED,SOUTH
1863,366,2023-04-30 16:16:33,PLACED,SOUTH
1864,593,2023-07-20 00:41:42,RETURNED,CENTRAL
1865,549,2024-05-01 23:33:35,CANCELLED,SOUTH
1866,568,2023-12-14 21:58:32,DELIVERED,NORTH
1867,449,2025-02-11 06:27:34,PLACED,SOUTH
1868,,2024-11-27 16:06:32,PLACED,EAST
1869,152,2023-04-10 01:46:21,PLACED,EAST
1870,29,2025-07-17 13:18:25,DELIVERED,SOUTH
1871,221,2025-10-25 01:43:23,DELIVERED,EAST
1872,584,2025-02-28 01:55:56,PLACED,CENTRAL
1873,323,2023-01-11 12:36:10,PLACED,EAST
1874,73,2025-08-11 00:00:00,DELIVERED,SOUTH
1875,255,2025-07-23 10:29:41,RETURNED,SOUTH
1876,,2025-02-07 22:00:26,SHIPPED,NORTH
1877,588,2025-12-24 20:30:44,DELIVERED,WEST
1878,486,2023-08-04 04:00:30,SHIPPED,EAST
1879,441,2024-01-27 11:46:04,SHIPPED,WEST
1880,360,2025-10-02 10:18:25,SHIPPED,NORTH
1881,21,2025-07-30 00:00:00,DELIVERED,EAST
1882,2,2025-04-01 00:00:00,SHIPPED,EAST
1883,,2025-06-01 11:30:26,CANCELLED,SOUTH
1884,511,2023-10-10 09:29:58,RETURNED,NORTH
1885,159,2025-07-20 15:07:08,SHIPPED,WEST
1886,182,2025-02-27 02:35:09,CANCELLED,NORTH
1887,551,2023-07-06 20:28:41,SHIPPED,EAST
1888,185,2025-07-05 16:45:30,RETURNED,WEST
1889,159,2025-08-10 13:26:24,RETURNED,CENTRAL
1890,459,2023-06-30 19:01:17,PLACED,SOUTH
1891,246,2025-02-01 09:09:46,DELIVERED,EAST
1892,492,2025-10-21 17:54:29,CANCELLED,NORTH
1893,94,2025-10-27 17:32:33,RETURNED,CENTRAL
1894,545,2025-03-21 09:22:20,DELIVERED,SOUTH
1895,139,2024-11-26 19:05:33,SHIPPED,WEST
1896,387,2023-05-08 23:40:49,DELIVERED,EAST
1897,399,2024-04-20 04:41:18,DELIVERED,EAST
1898,57,2025-03-30 12:29:39,SHIPPED,NORTH
1899,585,2025-04-23 04:34:02,SHIPPED,NORTH
1900,49,2024-04-15 14:38:33,DELIVERED,CENTRAL
1901,445,2025-02-28 17:35:14,SHIPPED,EAST
1902,46,2023-11-30 04:53:05,RETURNED,SOUTH
1903,75,2023-11-13 07:03:54,DELIVERED,CENTRAL
1904,,2024-08-15 14:55:50,DELIVERED,EAST
1905,,2024-01-09 10:17:28,RETURNED,EAST
1906,400,2023-12-21 18:19:07,CANCELLED,NORTH
1907,253,2025-08-23 21:01:57,CANCELLED,WEST
1908,318,2023-11-15 06:20:28,DELIVERED,EAST
1909,11,2024-10-08 01:24:17,DELIVERED,SOUTH
1910,500,2024-01-29 16:23:12,DELIVERED,WEST
1911,,2024-11-28 16:42:47,DELIVERED,NORTH
1912,119,2023-09-04 21:06:35,DELIVERED,SOUTH
1913,172,2024-02-03 10:58:54,DELIVERED,WEST
1914,294,2024-03-18 06:33:54,SHIPPED,NORTH
1915,207,2023-05-15 09:04:04,DELIVERED,SOUTH
1916,37,2024-12-29 11:59:01,PLACED,NORTH
1917,189,2023-05-10 21:07:59,CANCELLED,SOUTH
1918,380,2024-11-11 13:52:15,DELIVERED,NORTH
1919,516,2023-10-21 13:17:26,DELIVERED,NORTH
1920,157,2024-06-14 06:21:24,SHIPPED,SOUTH
1921,206,2025-09-27 00:00:00,DELIVERED,EAST
1922,231,2023-10-13 18:38:37,SHIPPED,WEST
1923,,2024-11-15 00:00:00,SHIPPED,CENTRAL
1924,165,2023-08-11 16:58:36,SHIPPED,NORTH
1925,420,2025-03-15 18:12:13,DELIVERED,SOUTH
1926,330,2024-07-29 00:00:00,RETURNED,SOUTH
1927,,2023-01-06 07:32:32,CANCELLED,CENTRAL
1928,230,2025-09-03 00:00:00,DELIVERED,NORTH
1929,488,2025-06-06 18:45:40,SHIPPED,CENTRAL
1930,244,2025-11-26 19:39:19,SHIPPED,WEST
1931,157,2024-12-06 14:40:05,DELIVERED,SOUTH
1932,179,2024-08-26 10:31:54,CANCELLED,EAST
1933,443,2024-04-10 19:30:14,DELIVERED,CENTRAL
1934,412,2023-07-14 05:14:26,DELIVERED,WEST
1935,428,2024-12-16 11:43:27,DELIVERED,WEST
1936,346,2024-05-21 10:34:13,PLACED,CENTRAL
1937,223,2023-10-24 15:41:38,RETURNED,CENTRAL
1938,475,2025-05-01 14:34:58,DELIVERED,EAST
1939,219,2024-09-02 05:44:51,PLACED,WEST
1940,423,2023-03-21 01:09:24,SHIPPED,SOUTH
1941,530,2024-11-01 18:04:03,DELIVERED,SOUTH
1942,177,2024-02-29 14:06:26,DELIVERED,SOUTH
1943,589,2023-11-04 06:52:55,SHIPPED,SOUTH
1944,134,2025-01-26 00:55:53,RETURNED,CENTRAL
1945,37,2025-11-16 10:10:06,PLACED,NORTH
1946,,2023-03-23 22:45:48,PLACED,EAST
1947,155,2023-11-27 21:39:27,PLACED,CENTRAL
1948,598,2024-11-24 19:05:22,DELIVERED,EAST
1949,576,2023-09-06 06:14:17,SHIPPED,WEST
1950,420,2023-09-03 21:07:18,DELIVERED,EAST
1951,256,2023-06-26 02:23:00,PLACED,WEST
1952,41,2023-07-30 15:29:14,DELIVERED,WEST
1953,21,2025-06-29 14:12:06,CANCELLED,WEST
1954,187,2024-11-25 21:47:54,RETURNED,CENTRAL
1955,348,2023-05-13 01:25:17,PLACED,SOUTH
1956,404,2023-08-21 05:14:31,RETURNED,SOUTH
1957,329,2024-03-30 03:34:40,RETURNED,NORTH
1958,507,2023-01-25 18:51:55,DELIVERED,SOUTH
1959,259,2023-10-26 07:08:30,RETURNED,NORTH
1960,171,2023-03-22 19:06:47,DELIVERED,EAST
1961,444,2024-06-08 00:00:00,DELIVERED,WEST
1962,341,2025-05-06 00:00:00,CANCELLED,CENTRAL
1963,,2025-06-10 00:00:00,DELIVERED,WEST
1964,37,2025-12-16 02:13:33,DELIVERED,EAST
1965,525,2024-10-21 11:02:14,SHIPPED,EAST
1966,566,2023-10-27 15:57:40,SHIPPED,WEST
1967,87,2025-10-31 22:34:42,CANCELLED,NORTH
1968,,2023-07-19 15:47:24,PLACED,NORTH
1969,67,2023-08-28 05:45:52,SHIPPED,NORTH
1970,10,2023-01-21 21:20:55,SHIPPED,CENTRAL
1971,597,2025-08-30 15:40:59,RETURNED,EAST
1972,109,2025-08-09 14:05:07,DELIVERED,SOUTH
1973,84,2023-10-16 06:43:49,RETURNED,NORTH
1974,239,2023-11-23 00:00:00,PLACED,EAST
1975,198,2025-01-09 12:12:38,DELIVERED,WEST
1976,191,2024-12-29 21:26:01,DELIVERED,NORTH
1977,520,2023-01-10 00:00:00,RETURNED,EAST
1978,556,2025-06-12 21:44:14,DELIVERED,NORTH
1979,330,2023-12-20 17:51:03,DELIVERED,CENTRAL
1980,423,2025-02-26 01:26:49,SHIPPED,EAST
1981,247,2025-04-04 00:00:00,CANCELLED,EAST
1982,166,2023-04-11 00:00:00,DELIVERED,NORTH
1983,441,2023-05-05 04:48:43,CANCELLED,WEST
1984,,2025-11-13 19:13:28,DELIVERED,EAST
1985,68,2025-06-03 05:21:22,CANCELLED,WEST
1986,492,2024-07-29 11:07:50,DELIVERED,EAST
1987,195,2023-12-21 08:37:04,PLACED,EAST
1988,473,2024-05-18 21:18:25,CANCELLED,WEST
1989,476,2024-12-03 10:21:30,DELIVERED,WEST
1990,26,2023-08-05 14:24:09,DELIVERED,SOUTH
1991,15,2024-11-05 18:54:26,DELIVERED,SOUTH
1992,189,2023-12-04 02:06:53,DELIVERED,SOUTH
1993,203,2023-02-03 16:18:50,SHIPPED,CENTRAL
1994,195,2025-01-25 19:19:51,DELIVERED,WEST
1995,164,2025-01-27 01:25:54,PLACED,NORTH
1996,332,2025-01-10 12:40:24,PLACED,CENTRAL
1997,222,2024-10-08 18:28:55,RETURNED,SOUTH
1998,319,2025-11-28 15:30:52,DELIVERED,CENTRAL
1999,289,2024-06-13 21:01:36,CANCELLED,SOUTH
2000,485,2023-04-09 00:00:00,DELIVERED,SOUTH
